slug,brand,name,url,listed_price_usd,missing_parts_cost_usd,real_build_cost_usd,completeness_pct,cost_per_wh_usd,cost_per_w_usd,panel_watts,storage_wh,inverter_watts,voltage,chemistry,retailer,price_low_6mo_usd,price_high_6mo_usd,price_points_6mo,price_observed_at
anjfylque-hybrid-solar-inverter-3000w-24vdc-to110vac-off-gri,Anjfylque,"Hybrid Solar Inverter 3000W, 24Vdc to110Vac Off-Grid Inverter,100A MPPT Controller,Support Battery-Less or AGM Lithium Battery, Pure Sine Wave for Home Backup,Solar Systems",https://offgridempire.com/kits/anjfylque-hybrid-solar-inverter-3000w-24vdc-to110vac-off-gri,254,0,254,0,,,0,0,0,12,Unknown,Amazon,229.22,259,42,2026-06-21
anker-1000w-anker-solix-2-x-f3000-double-power-hub-power-saver-k,Anker,"Anker SOLIX F3000 Dual Kits | 4,096Wh - 6,144Wh | 2 x 2,000W AC Output | Stackable, Expandable & Portable Backup Power | 5-Year Warranty - 2 x F3000 + Double Power Hub + Power Saver Kits + FREE TT-30 Cable",https://offgridempire.com/kits/anker-1000w-anker-solix-2-x-f3000-double-power-hub-power-saver-k,3296,0,3296,86,0.8,3.3,1000,4096,2000,48,LiFePO4,Shop Solar Kits,3296,3996,66,2026-06-21
anker-1000w-anker-solix-2-x-f3000-double-voltage-hub-free-tt-30,Anker,"Anker SOLIX F3000 Dual Kits | 4,096Wh - 6,144Wh | 2 x 2,000W AC Output | Stackable, Expandable & Portable Backup Power | 5-Year Warranty - 2 x F3000 + Double Voltage Hub + FREE TT-30 Cable",https://offgridempire.com/kits/anker-1000w-anker-solix-2-x-f3000-double-voltage-hub-free-tt-30,2997,0,2997,86,0.73,3,1000,4096,2000,48,LiFePO4,Shop Solar Kits,2997,3597,66,2026-06-21
anker-100w-anker-solix-c1000-gen-2-1-x-100w-solar-panel,Anker,"Anker SOLIX C1000 Gen2 Portable Power Station | 1,024Wh / 2,000W | 49-Min UltraFast Recharge | 600W Solar Input | Choose Your Bundle Option | 5-Year Warranty - C1000 Gen 2 + 1 x 100W Solar Panel",https://offgridempire.com/kits/anker-100w-anker-solix-c1000-gen-2-1-x-100w-solar-panel,599,0,599,86,0.58,5.99,100,1024,2000,12,LiFePO4,Shop Solar Kits,529,649.99,67,2026-06-21
anker-18kw-anker-solix-12kwh-10-x-400w-solar-panels-automatic,Anker,Anker SOLIX E10 Whole Home Backup System | 6-18kWh LiFePO4 Battery | 10-30 kW Turbo Output | Smart Grid & Storm-Guard - 12kWh / 10 x 400W Solar Panels / Automatic,https://offgridempire.com/kits/anker-18kw-anker-solix-12kwh-10-x-400w-solar-panels-automatic,8535,0,8535,71,0.71,21.34,400,12000,0,48,LiFePO4,Shop Solar Kits,8534.74,8534.74,2,2026-04-05
anker-18kw-anker-solix-12kwh-10-x-400w-solar-panels-manual,Anker,Anker SOLIX E10 Whole Home Backup System | 6-18kWh LiFePO4 Battery | 10-30 kW Turbo Output | Smart Grid & Storm-Guard - 12kWh / 10 x 400W Solar Panels / Manual,https://offgridempire.com/kits/anker-18kw-anker-solix-12kwh-10-x-400w-solar-panels-manual,7435,0,7435,71,0.62,18.59,400,12000,0,48,LiFePO4,Shop Solar Kits,7434.64,7434.64,2,2026-04-05
anker-18kw-anker-solix-12kwh-10-x-400w-solar-panels-none,Anker,Anker SOLIX E10 Whole Home Backup System | 6-18kWh LiFePO4 Battery | 10-30 kW Turbo Output | Smart Grid & Storm-Guard - 12kWh / 10 x 400W Solar Panels / None,https://offgridempire.com/kits/anker-18kw-anker-solix-12kwh-10-x-400w-solar-panels-none,7165,0,7165,71,0.6,17.91,400,12000,0,48,LiFePO4,Shop Solar Kits,7164.53,7164.53,2,2026-04-05
anker-18kw-anker-solix-12kwh-6-x-400w-solar-panels-automatic,Anker,Anker SOLIX E10 Whole Home Backup System | 6-18kWh LiFePO4 Battery | 10-30 kW Turbo Output | Smart Grid & Storm-Guard - 12kWh / 6 x 400W Solar Panels / Automatic,https://offgridempire.com/kits/anker-18kw-anker-solix-12kwh-6-x-400w-solar-panels-automatic,7962,0,7962,71,0.66,19.91,400,12000,0,48,LiFePO4,Shop Solar Kits,7962.45,7962.45,2,2026-04-05
anker-18kw-anker-solix-12kwh-6-x-400w-solar-panels-manual,Anker,Anker SOLIX E10 Whole Home Backup System | 6-18kWh LiFePO4 Battery | 10-30 kW Turbo Output | Smart Grid & Storm-Guard - 12kWh / 6 x 400W Solar Panels / Manual,https://offgridempire.com/kits/anker-18kw-anker-solix-12kwh-6-x-400w-solar-panels-manual,6863,0,6863,71,0.57,17.16,400,12000,0,48,LiFePO4,Shop Solar Kits,6862.83,6862.83,2,2026-04-05
anker-18kw-anker-solix-12kwh-6-x-400w-solar-panels-none,Anker,Anker SOLIX E10 Whole Home Backup System | 6-18kWh LiFePO4 Battery | 10-30 kW Turbo Output | Smart Grid & Storm-Guard - 12kWh / 6 x 400W Solar Panels / None,https://offgridempire.com/kits/anker-18kw-anker-solix-12kwh-6-x-400w-solar-panels-none,6587,0,6587,71,0.55,16.47,400,12000,0,48,LiFePO4,Shop Solar Kits,6586.85,6586.85,2,2026-04-05
anker-18kw-anker-solix-12kwh-8-x-400w-solar-panels-automatic,Anker,Anker SOLIX E10 Whole Home Backup System | 6-18kWh LiFePO4 Battery | 10-30 kW Turbo Output | Smart Grid & Storm-Guard - 12kWh / 8 x 400W Solar Panels / Automatic,https://offgridempire.com/kits/anker-18kw-anker-solix-12kwh-8-x-400w-solar-panels-automatic,8251,0,8251,71,0.69,20.63,400,12000,0,48,LiFePO4,Shop Solar Kits,8251.2,8251.2,2,2026-04-05
anker-18kw-anker-solix-12kwh-8-x-400w-solar-panels-manual,Anker,Anker SOLIX E10 Whole Home Backup System | 6-18kWh LiFePO4 Battery | 10-30 kW Turbo Output | Smart Grid & Storm-Guard - 12kWh / 8 x 400W Solar Panels / Manual,https://offgridempire.com/kits/anker-18kw-anker-solix-12kwh-8-x-400w-solar-panels-manual,7151,0,7151,71,0.6,17.88,400,12000,0,48,LiFePO4,Shop Solar Kits,7151.35,7151.35,2,2026-04-05
anker-18kw-anker-solix-12kwh-8-x-400w-solar-panels-none,Anker,Anker SOLIX E10 Whole Home Backup System | 6-18kWh LiFePO4 Battery | 10-30 kW Turbo Output | Smart Grid & Storm-Guard - 12kWh / 8 x 400W Solar Panels / None,https://offgridempire.com/kits/anker-18kw-anker-solix-12kwh-8-x-400w-solar-panels-none,6878,0,6878,71,0.57,17.2,400,12000,0,48,LiFePO4,Shop Solar Kits,6878.34,6878.34,2,2026-04-05
anker-18kw-anker-solix-12kwh-none-automatic,Anker,Anker SOLIX E10 Whole Home Backup System | 6-18kWh LiFePO4 Battery | 10-30 kW Turbo Output | Smart Grid & Storm-Guard - 12kWh / None / Automatic,https://offgridempire.com/kits/anker-18kw-anker-solix-12kwh-none-automatic,7799,0,7799,71,0.65,19.5,400,12000,0,48,LiFePO4,Shop Solar Kits,7799,7799,2,2026-04-05
anker-18kw-anker-solix-12kwh-none-manual,Anker,Anker SOLIX E10 Whole Home Backup System | 6-18kWh LiFePO4 Battery | 10-30 kW Turbo Output | Smart Grid & Storm-Guard - 12kWh / None / Manual,https://offgridempire.com/kits/anker-18kw-anker-solix-12kwh-none-manual,6599,0,6599,71,0.55,16.5,400,12000,0,48,LiFePO4,Shop Solar Kits,6599,6599,2,2026-04-05
anker-18kw-anker-solix-12kwh-none-none,Anker,Anker SOLIX E10 Whole Home Backup System | 6-18kWh LiFePO4 Battery | 10-30 kW Turbo Output | Smart Grid & Storm-Guard - 12kWh / None / None,https://offgridempire.com/kits/anker-18kw-anker-solix-12kwh-none-none,6299,0,6299,71,0.52,15.75,400,12000,0,48,LiFePO4,Shop Solar Kits,6299,6299,2,2026-04-05
anker-18kw-anker-solix-18kwh-10-x-400w-solar-panels-automatic,Anker,Anker SOLIX E10 Whole Home Backup System | 6-18kWh LiFePO4 Battery | 10-30 kW Turbo Output | Smart Grid & Storm-Guard - 18kWh / 10 x 400W Solar Panels / Automatic,https://offgridempire.com/kits/anker-18kw-anker-solix-18kwh-10-x-400w-solar-panels-automatic,10824,0,10824,71,0.6,27.06,400,18000,0,48,LiFePO4,Shop Solar Kits,10823.64,10823.64,2,2026-04-05
anker-18kw-anker-solix-18kwh-10-x-400w-solar-panels-manual,Anker,Anker SOLIX E10 Whole Home Backup System | 6-18kWh LiFePO4 Battery | 10-30 kW Turbo Output | Smart Grid & Storm-Guard - 18kWh / 10 x 400W Solar Panels / Manual,https://offgridempire.com/kits/anker-18kw-anker-solix-18kwh-10-x-400w-solar-panels-manual,9355,0,9355,71,0.52,23.39,400,18000,0,48,LiFePO4,Shop Solar Kits,9355.43,9355.43,2,2026-04-05
anker-18kw-anker-solix-18kwh-10-x-400w-solar-panels-none,Anker,Anker SOLIX E10 Whole Home Backup System | 6-18kWh LiFePO4 Battery | 10-30 kW Turbo Output | Smart Grid & Storm-Guard - 18kWh / 10 x 400W Solar Panels / None,https://offgridempire.com/kits/anker-18kw-anker-solix-18kwh-10-x-400w-solar-panels-none,9195,0,9195,71,0.51,22.99,400,18000,0,48,LiFePO4,Shop Solar Kits,9195.43,9195.43,2,2026-04-05
anker-18kw-anker-solix-18kwh-6-x-400w-solar-panels-automatic,Anker,Anker SOLIX E10 Whole Home Backup System | 6-18kWh LiFePO4 Battery | 10-30 kW Turbo Output | Smart Grid & Storm-Guard - 18kWh / 6 x 400W Solar Panels / Automatic,https://offgridempire.com/kits/anker-18kw-anker-solix-18kwh-6-x-400w-solar-panels-automatic,10241,0,10241,71,0.57,25.6,400,18000,0,48,LiFePO4,Shop Solar Kits,10241.45,10241.45,2,2026-04-05
anker-18kw-anker-solix-18kwh-6-x-400w-solar-panels-manual,Anker,Anker SOLIX E10 Whole Home Backup System | 6-18kWh LiFePO4 Battery | 10-30 kW Turbo Output | Smart Grid & Storm-Guard - 18kWh / 6 x 400W Solar Panels / Manual,https://offgridempire.com/kits/anker-18kw-anker-solix-18kwh-6-x-400w-solar-panels-manual,8882,0,8882,71,0.49,22.2,400,18000,0,48,LiFePO4,Shop Solar Kits,8881.58,8881.58,2,2026-04-05
anker-18kw-anker-solix-18kwh-6-x-400w-solar-panels-none,Anker,Anker SOLIX E10 Whole Home Backup System | 6-18kWh LiFePO4 Battery | 10-30 kW Turbo Output | Smart Grid & Storm-Guard - 18kWh / 6 x 400W Solar Panels / None,https://offgridempire.com/kits/anker-18kw-anker-solix-18kwh-6-x-400w-solar-panels-none,8413,0,8413,71,0.47,21.03,400,18000,0,48,LiFePO4,Shop Solar Kits,8412.95,8412.95,2,2026-04-05
anker-18kw-anker-solix-18kwh-8-x-400w-solar-panels-automatic,Anker,Anker SOLIX E10 Whole Home Backup System | 6-18kWh LiFePO4 Battery | 10-30 kW Turbo Output | Smart Grid & Storm-Guard - 18kWh / 8 x 400W Solar Panels / Automatic,https://offgridempire.com/kits/anker-18kw-anker-solix-18kwh-8-x-400w-solar-panels-automatic,10528,0,10528,71,0.58,26.32,400,18000,0,48,LiFePO4,Shop Solar Kits,10527.96,10527.96,2,2026-04-05
anker-18kw-anker-solix-18kwh-8-x-400w-solar-panels-manual,Anker,Anker SOLIX E10 Whole Home Backup System | 6-18kWh LiFePO4 Battery | 10-30 kW Turbo Output | Smart Grid & Storm-Guard - 18kWh / 8 x 400W Solar Panels / Manual,https://offgridempire.com/kits/anker-18kw-anker-solix-18kwh-8-x-400w-solar-panels-manual,9072,0,9072,71,0.5,22.68,400,18000,0,48,LiFePO4,Shop Solar Kits,9071.54,9071.54,2,2026-04-05
anker-18kw-anker-solix-18kwh-8-x-400w-solar-panels-none,Anker,Anker SOLIX E10 Whole Home Backup System | 6-18kWh LiFePO4 Battery | 10-30 kW Turbo Output | Smart Grid & Storm-Guard - 18kWh / 8 x 400W Solar Panels / None,https://offgridempire.com/kits/anker-18kw-anker-solix-18kwh-8-x-400w-solar-panels-none,8909,0,8909,71,0.49,22.27,400,18000,0,48,LiFePO4,Shop Solar Kits,8908.84,8908.84,2,2026-04-05
anker-18kw-anker-solix-18kwh-none-automatic,Anker,Anker SOLIX E10 Whole Home Backup System | 6-18kWh LiFePO4 Battery | 10-30 kW Turbo Output | Smart Grid & Storm-Guard - 18kWh / None / Automatic,https://offgridempire.com/kits/anker-18kw-anker-solix-18kwh-none-automatic,9199,0,9199,71,0.51,23,400,18000,0,48,LiFePO4,Shop Solar Kits,9198.53,9198.53,2,2026-04-05
anker-18kw-anker-solix-18kwh-none-manual,Anker,Anker SOLIX E10 Whole Home Backup System | 6-18kWh LiFePO4 Battery | 10-30 kW Turbo Output | Smart Grid & Storm-Guard - 18kWh / None / Manual,https://offgridempire.com/kits/anker-18kw-anker-solix-18kwh-none-manual,8399,0,8399,71,0.47,21,400,18000,0,48,LiFePO4,Shop Solar Kits,8399,8399,2,2026-04-05
anker-18kw-anker-solix-18kwh-none-none,Anker,Anker SOLIX E10 Whole Home Backup System | 6-18kWh LiFePO4 Battery | 10-30 kW Turbo Output | Smart Grid & Storm-Guard - 18kWh / None / None,https://offgridempire.com/kits/anker-18kw-anker-solix-18kwh-none-none,8299,0,8299,71,0.46,20.75,400,18000,0,48,LiFePO4,Shop Solar Kits,8299,8299,2,2026-04-05
anker-18kw-anker-solix-6kwh-base-10-x-400w-solar-panels-automat,Anker,Anker SOLIX E10 Whole Home Backup System | 6-18kWh LiFePO4 Battery | 10-30 kW Turbo Output | Smart Grid & Storm-Guard - 6kWh (base) / 10 x 400W Solar Panels / Automatic,https://offgridempire.com/kits/anker-18kw-anker-solix-6kwh-base-10-x-400w-solar-panels-automat,6709,0,6709,71,1.12,16.77,400,6000,0,48,LiFePO4,Shop Solar Kits,6709.43,6709.43,2,2026-04-05
anker-18kw-anker-solix-6kwh-base-10-x-400w-solar-panels-manual,Anker,Anker SOLIX E10 Whole Home Backup System | 6-18kWh LiFePO4 Battery | 10-30 kW Turbo Output | Smart Grid & Storm-Guard - 6kWh (base) / 10 x 400W Solar Panels / Manual,https://offgridempire.com/kits/anker-18kw-anker-solix-6kwh-base-10-x-400w-solar-panels-manual,5612,0,5612,71,0.94,14.03,400,6000,0,48,LiFePO4,Shop Solar Kits,5611.92,5611.92,2,2026-04-05
anker-18kw-anker-solix-6kwh-base-10-x-400w-solar-panels-none,Anker,Anker SOLIX E10 Whole Home Backup System | 6-18kWh LiFePO4 Battery | 10-30 kW Turbo Output | Smart Grid & Storm-Guard - 6kWh (base) / 10 x 400W Solar Panels / None,https://offgridempire.com/kits/anker-18kw-anker-solix-6kwh-base-10-x-400w-solar-panels-none,5331,0,5331,71,0.89,13.33,400,6000,0,48,LiFePO4,Shop Solar Kits,5331.34,5331.34,2,2026-04-05
anker-18kw-anker-solix-6kwh-base-6-x-400w-solar-panels-automati,Anker,Anker SOLIX E10 Whole Home Backup System | 6-18kWh LiFePO4 Battery | 10-30 kW Turbo Output | Smart Grid & Storm-Guard - 6kWh (base) / 6 x 400W Solar Panels / Automatic,https://offgridempire.com/kits/anker-18kw-anker-solix-6kwh-base-6-x-400w-solar-panels-automati,6133,0,6133,71,1.02,15.33,400,6000,0,48,LiFePO4,Shop Solar Kits,6132.84,6132.84,2,2026-04-05
anker-18kw-anker-solix-6kwh-base-6-x-400w-solar-panels-manual,Anker,Anker SOLIX E10 Whole Home Backup System | 6-18kWh LiFePO4 Battery | 10-30 kW Turbo Output | Smart Grid & Storm-Guard - 6kWh (base) / 6 x 400W Solar Panels / Manual,https://offgridempire.com/kits/anker-18kw-anker-solix-6kwh-base-6-x-400w-solar-panels-manual,5032,0,5032,71,0.84,12.58,400,6000,0,48,LiFePO4,Shop Solar Kits,5032.22,5032.22,2,2026-04-05
anker-18kw-anker-solix-6kwh-base-6-x-400w-solar-panels-none,Anker,Anker SOLIX E10 Whole Home Backup System | 6-18kWh LiFePO4 Battery | 10-30 kW Turbo Output | Smart Grid & Storm-Guard - 6kWh (base) / 6 x 400W Solar Panels / None,https://offgridempire.com/kits/anker-18kw-anker-solix-6kwh-base-6-x-400w-solar-panels-none,4760,0,4760,71,0.79,11.9,400,6000,0,48,LiFePO4,Shop Solar Kits,4759.96,4759.96,2,2026-04-05
anker-18kw-anker-solix-6kwh-base-8-x-400w-solar-panels-automati,Anker,Anker SOLIX E10 Whole Home Backup System | 6-18kWh LiFePO4 Battery | 10-30 kW Turbo Output | Smart Grid & Storm-Guard - 6kWh (base) / 8 x 400W Solar Panels / Automatic,https://offgridempire.com/kits/anker-18kw-anker-solix-6kwh-base-8-x-400w-solar-panels-automati,6419,0,6419,71,1.07,16.05,400,6000,0,48,LiFePO4,Shop Solar Kits,6418.54,6418.54,2,2026-04-05
anker-18kw-anker-solix-6kwh-base-8-x-400w-solar-panels-manual,Anker,Anker SOLIX E10 Whole Home Backup System | 6-18kWh LiFePO4 Battery | 10-30 kW Turbo Output | Smart Grid & Storm-Guard - 6kWh (base) / 8 x 400W Solar Panels / Manual,https://offgridempire.com/kits/anker-18kw-anker-solix-6kwh-base-8-x-400w-solar-panels-manual,5319,0,5319,71,0.89,13.3,400,6000,0,48,LiFePO4,Shop Solar Kits,5318.75,5318.75,2,2026-04-05
anker-18kw-anker-solix-6kwh-base-8-x-400w-solar-panels-none,Anker,Anker SOLIX E10 Whole Home Backup System | 6-18kWh LiFePO4 Battery | 10-30 kW Turbo Output | Smart Grid & Storm-Guard - 6kWh (base) / 8 x 400W Solar Panels / None,https://offgridempire.com/kits/anker-18kw-anker-solix-6kwh-base-8-x-400w-solar-panels-none,5049,0,5049,71,0.84,12.62,400,6000,0,48,LiFePO4,Shop Solar Kits,5048.54,5048.54,2,2026-04-05
anker-18kw-anker-solix-6kwh-base-none-automatic,Anker,Anker SOLIX E10 Whole Home Backup System | 6-18kWh LiFePO4 Battery | 10-30 kW Turbo Output | Smart Grid & Storm-Guard - 6kWh (base) / None / Automatic,https://offgridempire.com/kits/anker-18kw-anker-solix-6kwh-base-none-automatic,5799,0,5799,71,0.97,14.5,400,6000,0,48,LiFePO4,Shop Solar Kits,5799,5799,2,2026-04-05
anker-18kw-anker-solix-6kwh-base-none-manual,Anker,Anker SOLIX E10 Whole Home Backup System | 6-18kWh LiFePO4 Battery | 10-30 kW Turbo Output | Smart Grid & Storm-Guard - 6kWh (base) / None / Manual,https://offgridempire.com/kits/anker-18kw-anker-solix-6kwh-base-none-manual,4599,0,4599,71,0.77,11.5,400,6000,0,48,LiFePO4,Shop Solar Kits,4599,4599,2,2026-04-05
anker-18kw-anker-solix-6kwh-base-none-none,Anker,Anker SOLIX E10 Whole Home Backup System | 6-18kWh LiFePO4 Battery | 10-30 kW Turbo Output | Smart Grid & Storm-Guard - 6kWh (base) / None / None,https://offgridempire.com/kits/anker-18kw-anker-solix-6kwh-base-none-none,4299,0,4299,71,0.72,10.75,400,6000,0,48,LiFePO4,Shop Solar Kits,4299,4299,2,2026-04-05
anker-200w-anker-solix-backup-kit-10-x-200w-solar-panels,Anker,"Anker SOLIX F3000 Dual Kits | 4,096Wh - 6,144Wh | 2 x 2,000W AC Output | Stackable, Expandable & Portable Backup Power | 5-Year Warranty - Backup Kit [10 x 200W Solar Panels]",https://offgridempire.com/kits/anker-200w-anker-solix-backup-kit-10-x-200w-solar-panels,5455,0,5455,86,1.33,27.27,200,4096,2000,12,LiFePO4,Shop Solar Kits,5455.35,5455.35,65,2026-06-21
anker-200w-anker-solix-backup-kit-max-16-x-200w-solar-panels-4,Anker,"Anker SOLIX F3000 Dual Kits | 4,096Wh - 6,144Wh | 2 x 2,000W AC Output | Stackable, Expandable & Portable Backup Power | 5-Year Warranty - Backup Kit MAX [16 x 200W Solar Panels | 4 x Expansion Batteries]",https://offgridempire.com/kits/anker-200w-anker-solix-backup-kit-max-16-x-200w-solar-panels-4,10189,0,10189,86,2.49,50.95,200,4096,2000,48,LiFePO4,Shop Solar Kits,10189.35,10189.35,65,2026-06-21
anker-200w-anker-solix-backup-kit-plus-16-x-200w-solar-panels-2,Anker,"Anker SOLIX F3000 Dual Kits | 4,096Wh - 6,144Wh | 2 x 2,000W AC Output | Stackable, Expandable & Portable Backup Power | 5-Year Warranty - Backup Kit PLUS [16 x 200W Solar Panels | 2 x Expansion Batteries]",https://offgridempire.com/kits/anker-200w-anker-solix-backup-kit-plus-16-x-200w-solar-panels-2,8358,0,8358,86,2.04,41.79,200,4096,2000,48,LiFePO4,Shop Solar Kits,8357.96,8357.96,65,2026-06-21
anker-200w-anker-solix-backup-kit-pro-16-x-200w-solar-panels-6,Anker,"Anker SOLIX F3000 Dual Kits | 4,096Wh - 6,144Wh | 2 x 2,000W AC Output | Stackable, Expandable & Portable Backup Power | 5-Year Warranty - Backup Kit PRO [16 x 200W Solar Panels | 6 x Expansion Batteries]",https://offgridempire.com/kits/anker-200w-anker-solix-backup-kit-pro-16-x-200w-solar-panels-6,12018,0,12018,86,2.93,60.09,200,4096,2000,48,LiFePO4,Shop Solar Kits,12018.46,12018.46,65,2026-06-21
anker-200w-anker-solix-c1000-gen-2-1-x-200w-solar-panel,Anker,"Anker SOLIX C1000 Gen2 Portable Power Station | 1,024Wh / 2,000W | 49-Min UltraFast Recharge | 600W Solar Input | Choose Your Bundle Option | 5-Year Warranty - C1000 Gen 2 + 1 x 200W Solar Panel",https://offgridempire.com/kits/anker-200w-anker-solix-c1000-gen-2-1-x-200w-solar-panel,669,0,669,86,0.65,3.35,200,1024,2000,48,LiFePO4,Shop Solar Kits,619,719.99,67,2026-06-21
anker-200w-plus-hex-kit-12-x-200w-solar-panels,Anker,"Anker F3800 [PLUS] Dual Kits - 7,680Wh / 6,000W | 120V/240V Output | 6,400W Solar Input | Choose Your Bundle Option | 5-Year Warranty - Hex Kit [12 x 200W Solar Panels]",https://offgridempire.com/kits/anker-200w-plus-hex-kit-12-x-200w-solar-panels,6899,0,6899,86,0.9,34.49,200,7680,6000,12,Unknown,Shop Solar Kits,6899.24,8299,66,2026-06-21
anker-200w-plus-nomad-kit-f3800p-2-x-folding-200w-panels,Anker,"Anker F3800 [PLUS] - 3,840Wh / 6,000W Portable Power Station | 120V/240V Output | 3,200W Solar Input | Choose Your Bundle Option | 5-Year Warranty - Nomad Kit [F3800P + 2 x Folding 200W Panels]",https://offgridempire.com/kits/anker-200w-plus-nomad-kit-f3800p-2-x-folding-200w-panels,2758,0,2758,86,0.72,13.79,200,3840,6000,48,LiFePO4,Shop Solar Kits,2757.87,3589,69,2026-06-21
anker-2400w-anker-solix-f3000-main-unit-only,Anker,"Anker SOLIX F3000 Portable Power Station | 3,072Wh / 3,600W | 2,400W Solar Input | Expandable to 12,288Wh | 5-Year Warranty - F3000 [Main Unit Only]",https://offgridempire.com/kits/anker-2400w-anker-solix-f3000-main-unit-only,1299,0,1299,86,0.42,0.54,2400,3072,3600,48,LiFePO4,Shop Solar Kits,1199,1699,66,2026-06-21
anker-2400w-anker-solix-hex-kit-6-x-200w-rigid-solar-panels,Anker,"Anker SOLIX F3000 Portable Power Station | 3,072Wh / 3,600W | 2,400W Solar Input | Expandable to 12,288Wh | 5-Year Warranty - Hex Kit [6 x 200W Rigid Solar Panels",https://offgridempire.com/kits/anker-2400w-anker-solix-hex-kit-6-x-200w-rigid-solar-panels,2389,0,2389,86,0.78,1,2400,3072,3600,48,LiFePO4,Shop Solar Kits,2389.35,2627.35,66,2026-06-21
anker-2400w-anker-solix-nomad-kit-2-x-200w-folding-solar-panels,Anker,"Anker SOLIX F3000 Portable Power Station | 3,072Wh / 3,600W | 2,400W Solar Input | Expandable to 12,288Wh | 5-Year Warranty - Nomad Kit [2 x 200W Folding Solar Panels]",https://offgridempire.com/kits/anker-2400w-anker-solix-nomad-kit-2-x-200w-folding-solar-panels,1889,0,1889,86,0.61,0.79,2400,3072,3600,12,LiFePO4,Shop Solar Kits,1889,2325.25,66,2026-06-21
anker-2400w-anker-solix-quad-kit-4-x-200w-rigid-solar-panels,Anker,"Anker SOLIX F3000 Portable Power Station | 3,072Wh / 3,600W | 2,400W Solar Input | Expandable to 12,288Wh | 5-Year Warranty - Quad Kit [4 x 200W Rigid Solar Panels]",https://offgridempire.com/kits/anker-2400w-anker-solix-quad-kit-4-x-200w-rigid-solar-panels,2072,0,2072,86,0.67,0.86,2400,3072,3600,48,LiFePO4,Shop Solar Kits,2071.96,2322.97,66,2026-06-21
anker-3200w-plus-1-x-f3800p-main-unit,Anker,"Anker F3800 [PLUS] - 3,840Wh / 6,000W Portable Power Station | 120V/240V Output | 3,200W Solar Input | Choose Your Bundle Option | 5-Year Warranty - 1 x F3800P [Main Unit]",https://offgridempire.com/kits/anker-3200w-plus-1-x-f3800p-main-unit,2199,0,2199,86,0.57,0.69,3200,3840,6000,48,LiFePO4,Shop Solar Kits,2199,3199,69,2026-06-21
anker-3200w-plus-1-x-f3800p-main-unit-expansion-battery,Anker,"Anker F3800 [PLUS] - 3,840Wh / 6,000W Portable Power Station | 120V/240V Output | 3,200W Solar Input | Choose Your Bundle Option | 5-Year Warranty - 1 x F3800P [Main Unit] + Expansion Battery",https://offgridempire.com/kits/anker-3200w-plus-1-x-f3800p-main-unit-expansion-battery,3698,0,3698,86,0.96,1.16,3200,3840,6000,48,LiFePO4,Shop Solar Kits,3598,4399,68,2026-06-21
anker-3200w-plus-1-x-f3800p-main-unit-gas-generator-adapt,Anker,"Anker F3800 [PLUS] - 3,840Wh / 6,000W Portable Power Station | 120V/240V Output | 3,200W Solar Input | Choose Your Bundle Option | 5-Year Warranty - 1 x F3800P [Main Unit] + Gas Generator Adapter",https://offgridempire.com/kits/anker-3200w-plus-1-x-f3800p-main-unit-gas-generator-adapt,2498,0,2498,86,0.65,0.78,3200,3840,6000,48,LiFePO4,Shop Solar Kits,2498,3198,68,2026-06-21
anker-3200w-plus-double-kit-f3800p-2-x-200w-rigid-panels,Anker,"Anker F3800 [PLUS] - 3,840Wh / 6,000W Portable Power Station | 120V/240V Output | 3,200W Solar Input | Choose Your Bundle Option | 5-Year Warranty - Double Kit [F3800P + 2 x 200W Rigid Panels]",https://offgridempire.com/kits/anker-3200w-plus-double-kit-f3800p-2-x-200w-rigid-panels,2610,0,2610,86,0.68,0.82,3200,3840,6000,12,Unknown,Shop Solar Kits,2610.42,3449,69,2026-06-21
anker-3200w-plus-hex-kit-f3800p-6-x-200w-rigid-panels,Anker,"Anker F3800 [PLUS] - 3,840Wh / 6,000W Portable Power Station | 120V/240V Output | 3,200W Solar Input | Choose Your Bundle Option | 5-Year Warranty - Hex Kit [F3800P + 6 x 200W Rigid Panels]",https://offgridempire.com/kits/anker-3200w-plus-hex-kit-f3800p-6-x-200w-rigid-panels,3360,0,3360,86,0.88,1.05,3200,3840,6000,48,LiFePO4,Shop Solar Kits,3359.92,4149,69,2026-06-21
anker-3200w-plus-platinum-kit-f3800p-10-x-200w-rigid-pane,Anker,"Anker F3800 [PLUS] - 3,840Wh / 6,000W Portable Power Station | 120V/240V Output | 3,200W Solar Input | Choose Your Bundle Option | 5-Year Warranty - Platinum Kit [F3800P + 10 x 200W Rigid Panels]",https://offgridempire.com/kits/anker-3200w-plus-platinum-kit-f3800p-10-x-200w-rigid-pane,4235,0,4235,86,1.1,1.32,3200,3840,6000,48,LiFePO4,Shop Solar Kits,4205.32,4849,69,2026-06-21
anker-3200w-plus-quad-kit-f3800p-4-x-200w-rigid-panels,Anker,"Anker F3800 [PLUS] - 3,840Wh / 6,000W Portable Power Station | 120V/240V Output | 3,200W Solar Input | Choose Your Bundle Option | 5-Year Warranty - Quad Kit [F3800P + 4 x 200W Rigid Panels]",https://offgridempire.com/kits/anker-3200w-plus-quad-kit-f3800p-4-x-200w-rigid-panels,2992,0,2992,86,0.78,0.94,3200,3840,6000,48,LiFePO4,Shop Solar Kits,2991.94,3789,69,2026-06-21
anker-400w-anker-solix-c1000-gen-2-1-x-400w-solar-panel,Anker,"Anker SOLIX C1000 Gen2 Portable Power Station | 1,024Wh / 2,000W | 49-Min UltraFast Recharge | 600W Solar Input | Choose Your Bundle Option | 5-Year Warranty - C1000 Gen 2 + 1 x 400W Solar Panel",https://offgridempire.com/kits/anker-400w-anker-solix-c1000-gen-2-1-x-400w-solar-panel,870,0,870,86,0.85,2.17,400,1024,2000,48,LiFePO4,Shop Solar Kits,829.99,899,67,2026-06-21
anker-410w-plus-smart-home-kit-smart-home-panel-16-x-410,Anker,"Anker F3800 [PLUS] Dual Kits - 7,680Wh / 6,000W | 120V/240V Output | 6,400W Solar Input | Choose Your Bundle Option | 5-Year Warranty - Smart Home Kit [Smart Home Panel + 16 x 410W Solar Panel + 4 x XP Batteries]",https://offgridempire.com/kits/anker-410w-plus-smart-home-kit-smart-home-panel-16-x-410,15685,0,15685,86,2.04,38.26,410,7680,6000,48,LiFePO4,Shop Solar Kits,15685.21,21899,66,2026-06-21
anker-48kw-anker-solix-12kwh-base-12-x-400w-solar-panels-automa,Anker,Anker SOLIX E10 DUAL - Whole Home Backup System | 12-48 kWh LiFePO4 Battery | Up to 20kW Turbo Output | Smart Grid & Storm-Guard - 12kWh (base) / 12 x 400W Solar Panels / Automatic,https://offgridempire.com/kits/anker-48kw-anker-solix-12kwh-base-12-x-400w-solar-panels-automa,10835,0,10835,71,0.9,27.09,400,12000,0,48,LiFePO4,Shop Solar Kits,10835.43,11035.43,62,2026-06-18
anker-48kw-anker-solix-12kwh-base-12-x-400w-solar-panels-none,Anker,Anker SOLIX E10 DUAL - Whole Home Backup System | 12-48 kWh LiFePO4 Battery | Up to 20kW Turbo Output | Smart Grid & Storm-Guard - 12kWh (base) / 12 x 400W Solar Panels / None,https://offgridempire.com/kits/anker-48kw-anker-solix-12kwh-base-12-x-400w-solar-panels-none,9246,0,9246,71,0.77,23.11,400,12000,0,48,LiFePO4,Shop Solar Kits,9245.93,9445.93,62,2026-06-18
anker-48kw-anker-solix-12kwh-base-18-x-400w-solar-panels-automa,Anker,Anker SOLIX E10 DUAL - Whole Home Backup System | 12-48 kWh LiFePO4 Battery | Up to 20kW Turbo Output | Smart Grid & Storm-Guard - 12kWh (base) / 18 x 400W Solar Panels / Automatic,https://offgridempire.com/kits/anker-48kw-anker-solix-12kwh-base-18-x-400w-solar-panels-automa,11704,0,11704,71,0.98,29.26,400,12000,0,48,LiFePO4,Shop Solar Kits,11703.75,11903.75,62,2026-06-18
anker-48kw-anker-solix-12kwh-base-18-x-400w-solar-panels-none,Anker,Anker SOLIX E10 DUAL - Whole Home Backup System | 12-48 kWh LiFePO4 Battery | Up to 20kW Turbo Output | Smart Grid & Storm-Guard - 12kWh (base) / 18 x 400W Solar Panels / None,https://offgridempire.com/kits/anker-48kw-anker-solix-12kwh-base-18-x-400w-solar-panels-none,10112,0,10112,71,0.84,25.28,400,12000,0,48,LiFePO4,Shop Solar Kits,10111.64,10311.64,62,2026-06-18
anker-48kw-anker-solix-12kwh-base-8-x-400w-solar-panels-automat,Anker,Anker SOLIX E10 DUAL - Whole Home Backup System | 12-48 kWh LiFePO4 Battery | Up to 20kW Turbo Output | Smart Grid & Storm-Guard - 12kWh (base) / 8 x 400W Solar Panels / Automatic,https://offgridempire.com/kits/anker-48kw-anker-solix-12kwh-base-8-x-400w-solar-panels-automat,10151,0,10151,71,0.85,25.38,400,12000,0,48,LiFePO4,Shop Solar Kits,10150.54,10350.54,62,2026-06-18
anker-48kw-anker-solix-12kwh-base-8-x-400w-solar-panels-none,Anker,Anker SOLIX E10 DUAL - Whole Home Backup System | 12-48 kWh LiFePO4 Battery | Up to 20kW Turbo Output | Smart Grid & Storm-Guard - 12kWh (base) / 8 x 400W Solar Panels / None,https://offgridempire.com/kits/anker-48kw-anker-solix-12kwh-base-8-x-400w-solar-panels-none,8556,0,8556,71,0.71,21.39,400,12000,0,48,LiFePO4,Shop Solar Kits,8555.95,8755.95,62,2026-06-18
anker-48kw-anker-solix-12kwh-base-none-automatic,Anker,Anker SOLIX E10 DUAL - Whole Home Backup System | 12-48 kWh LiFePO4 Battery | Up to 20kW Turbo Output | Smart Grid & Storm-Guard - 12kWh (base) / None / Automatic,https://offgridempire.com/kits/anker-48kw-anker-solix-12kwh-base-none-automatic,9198,0,9198,71,0.77,23,400,12000,0,48,LiFePO4,Shop Solar Kits,8798,10098,62,2026-06-18
anker-48kw-anker-solix-12kwh-base-none-none,Anker,Anker SOLIX E10 DUAL - Whole Home Backup System | 12-48 kWh LiFePO4 Battery | Up to 20kW Turbo Output | Smart Grid & Storm-Guard - 12kWh (base) / None / None,https://offgridempire.com/kits/anker-48kw-anker-solix-12kwh-base-none-none,7998,0,7998,71,0.67,20,400,12000,0,48,LiFePO4,Shop Solar Kits,7599,8598,65,2026-06-21
anker-48kw-anker-solix-24kwh-12-x-400w-solar-panels-automatic,Anker,Anker SOLIX E10 DUAL - Whole Home Backup System | 12-48 kWh LiFePO4 Battery | Up to 20kW Turbo Output | Smart Grid & Storm-Guard - 24kWh / 12 x 400W Solar Panels / Automatic,https://offgridempire.com/kits/anker-48kw-anker-solix-24kwh-12-x-400w-solar-panels-automatic,14735,0,14735,71,0.61,36.84,400,24000,0,48,LiFePO4,Shop Solar Kits,14734.54,14934.54,62,2026-06-18
anker-48kw-anker-solix-24kwh-12-x-400w-solar-panels-none,Anker,Anker SOLIX E10 DUAL - Whole Home Backup System | 12-48 kWh LiFePO4 Battery | Up to 20kW Turbo Output | Smart Grid & Storm-Guard - 24kWh / 12 x 400W Solar Panels / None,https://offgridempire.com/kits/anker-48kw-anker-solix-24kwh-12-x-400w-solar-panels-none,12895,0,12895,71,0.54,32.24,400,24000,0,48,LiFePO4,Shop Solar Kits,12895.28,13095.28,62,2026-06-18
anker-48kw-anker-solix-24kwh-18-x-400w-solar-panels-automatic,Anker,Anker SOLIX E10 DUAL - Whole Home Backup System | 12-48 kWh LiFePO4 Battery | Up to 20kW Turbo Output | Smart Grid & Storm-Guard - 24kWh / 18 x 400W Solar Panels / Automatic,https://offgridempire.com/kits/anker-48kw-anker-solix-24kwh-18-x-400w-solar-panels-automatic,15603,0,15603,71,0.65,39.01,400,24000,0,48,LiFePO4,Shop Solar Kits,15602.53,15802.53,62,2026-06-18
anker-48kw-anker-solix-24kwh-18-x-400w-solar-panels-none,Anker,Anker SOLIX E10 DUAL - Whole Home Backup System | 12-48 kWh LiFePO4 Battery | Up to 20kW Turbo Output | Smart Grid & Storm-Guard - 24kWh / 18 x 400W Solar Panels / None,https://offgridempire.com/kits/anker-48kw-anker-solix-24kwh-18-x-400w-solar-panels-none,13774,0,13774,71,0.57,34.44,400,24000,0,48,LiFePO4,Shop Solar Kits,13773.74,13973.74,62,2026-06-18
anker-48kw-anker-solix-24kwh-8-x-400w-solar-panels-automatic,Anker,Anker SOLIX E10 DUAL - Whole Home Backup System | 12-48 kWh LiFePO4 Battery | Up to 20kW Turbo Output | Smart Grid & Storm-Guard - 24kWh / 8 x 400W Solar Panels / Automatic,https://offgridempire.com/kits/anker-48kw-anker-solix-24kwh-8-x-400w-solar-panels-automatic,14047,0,14047,71,0.59,35.12,400,24000,0,48,LiFePO4,Shop Solar Kits,14046.93,14246.93,62,2026-06-18
anker-48kw-anker-solix-24kwh-8-x-400w-solar-panels-none,Anker,Anker SOLIX E10 DUAL - Whole Home Backup System | 12-48 kWh LiFePO4 Battery | Up to 20kW Turbo Output | Smart Grid & Storm-Guard - 24kWh / 8 x 400W Solar Panels / None,https://offgridempire.com/kits/anker-48kw-anker-solix-24kwh-8-x-400w-solar-panels-none,12217,0,12217,71,0.51,30.54,400,24000,0,48,LiFePO4,Shop Solar Kits,12217.32,12417.32,62,2026-06-18
anker-48kw-anker-solix-24kwh-none-automatic,Anker,Anker SOLIX E10 DUAL - Whole Home Backup System | 12-48 kWh LiFePO4 Battery | Up to 20kW Turbo Output | Smart Grid & Storm-Guard - 24kWh / None / Automatic,https://offgridempire.com/kits/anker-48kw-anker-solix-24kwh-none-automatic,13198,0,13198,71,0.55,32.99,400,24000,0,48,LiFePO4,Shop Solar Kits,12798,14098,62,2026-06-18
anker-48kw-anker-solix-24kwh-none-none,Anker,Anker SOLIX E10 DUAL - Whole Home Backup System | 12-48 kWh LiFePO4 Battery | Up to 20kW Turbo Output | Smart Grid & Storm-Guard - 24kWh / None / None,https://offgridempire.com/kits/anker-48kw-anker-solix-24kwh-none-none,11299,0,11299,71,0.47,28.25,400,24000,0,48,LiFePO4,Shop Solar Kits,11299,12598,65,2026-06-21
anker-48kw-anker-solix-48kwh-12-x-400w-solar-panels-automatic,Anker,Anker SOLIX E10 DUAL - Whole Home Backup System | 12-48 kWh LiFePO4 Battery | Up to 20kW Turbo Output | Smart Grid & Storm-Guard - 48kWh / 12 x 400W Solar Panels / Automatic,https://offgridempire.com/kits/anker-48kw-anker-solix-48kwh-12-x-400w-solar-panels-automatic,22155,0,22155,71,0.46,55.39,400,48000,0,48,LiFePO4,Shop Solar Kits,22154.85,22254.85,62,2026-06-18
anker-48kw-anker-solix-48kwh-12-x-400w-solar-panels-none,Anker,Anker SOLIX E10 DUAL - Whole Home Backup System | 12-48 kWh LiFePO4 Battery | Up to 20kW Turbo Output | Smart Grid & Storm-Guard - 48kWh / 12 x 400W Solar Panels / None,https://offgridempire.com/kits/anker-48kw-anker-solix-48kwh-12-x-400w-solar-panels-none,20415,0,20415,71,0.43,51.04,400,48000,0,48,LiFePO4,Shop Solar Kits,20415.36,20415.36,62,2026-06-18
anker-48kw-anker-solix-48kwh-18-x-400w-solar-panels-automatic,Anker,Anker SOLIX E10 DUAL - Whole Home Backup System | 12-48 kWh LiFePO4 Battery | Up to 20kW Turbo Output | Smart Grid & Storm-Guard - 48kWh / 18 x 400W Solar Panels / Automatic,https://offgridempire.com/kits/anker-48kw-anker-solix-48kwh-18-x-400w-solar-panels-automatic,22683,0,22683,71,0.47,56.71,400,48000,0,48,LiFePO4,Shop Solar Kits,22682.93,23102.93,62,2026-06-18
anker-48kw-anker-solix-48kwh-18-x-400w-solar-panels-none,Anker,Anker SOLIX E10 DUAL - Whole Home Backup System | 12-48 kWh LiFePO4 Battery | Up to 20kW Turbo Output | Smart Grid & Storm-Guard - 48kWh / 18 x 400W Solar Panels / None,https://offgridempire.com/kits/anker-48kw-anker-solix-48kwh-18-x-400w-solar-panels-none,20993,0,20993,71,0.44,52.48,400,48000,0,48,LiFePO4,Shop Solar Kits,20993.34,21293.34,62,2026-06-18
anker-48kw-anker-solix-48kwh-8-x-400w-solar-panels-automatic,Anker,Anker SOLIX E10 DUAL - Whole Home Backup System | 12-48 kWh LiFePO4 Battery | Up to 20kW Turbo Output | Smart Grid & Storm-Guard - 48kWh / 8 x 400W Solar Panels / Automatic,https://offgridempire.com/kits/anker-48kw-anker-solix-48kwh-8-x-400w-solar-panels-automatic,21566,0,21566,71,0.45,53.91,400,48000,0,48,LiFePO4,Shop Solar Kits,21566.45,21566.45,62,2026-06-18
anker-48kw-anker-solix-48kwh-8-x-400w-solar-panels-none,Anker,Anker SOLIX E10 DUAL - Whole Home Backup System | 12-48 kWh LiFePO4 Battery | Up to 20kW Turbo Output | Smart Grid & Storm-Guard - 48kWh / 8 x 400W Solar Panels / None,https://offgridempire.com/kits/anker-48kw-anker-solix-48kwh-8-x-400w-solar-panels-none,19528,0,19528,71,0.41,48.82,400,48000,0,48,LiFePO4,Shop Solar Kits,19527.96,19727.96,62,2026-06-18
anker-48kw-anker-solix-48kwh-none-automatic,Anker,Anker SOLIX E10 DUAL - Whole Home Backup System | 12-48 kWh LiFePO4 Battery | Up to 20kW Turbo Output | Smart Grid & Storm-Guard - 48kWh / None / Automatic,https://offgridempire.com/kits/anker-48kw-anker-solix-48kwh-none-automatic,20399,0,20399,71,0.42,51,400,48000,0,48,LiFePO4,Shop Solar Kits,20399,22597,62,2026-06-18
anker-48kw-anker-solix-48kwh-none-none,Anker,Anker SOLIX E10 DUAL - Whole Home Backup System | 12-48 kWh LiFePO4 Battery | Up to 20kW Turbo Output | Smart Grid & Storm-Guard - 48kWh / None / None,https://offgridempire.com/kits/anker-48kw-anker-solix-48kwh-none-none,18599,0,18599,71,0.39,46.5,400,48000,0,48,LiFePO4,Shop Solar Kits,18599,20598,65,2026-06-21
anker-4kw-anker-solix-c2000-gen-2-200w-solar-panel,Anker,"Anker SOLIX C2000 Gen2 Portable Power Station | 2,048Wh / 2,400W (4,000W Peak) | 58-Min UltraFast Recharge | Expandable to 4kWh | Choose Your Bundle | 5-Year Warranty - C2000 Gen 2 + 200W Solar Panel",https://offgridempire.com/kits/anker-4kw-anker-solix-c2000-gen-2-200w-solar-panel,969,0,969,86,0.47,4.84,200,2048,2400,12,Unknown,Shop Solar Kits,919,1049.99,68,2026-06-21
anker-4kw-anker-solix-c2000-gen-2-400w-solar-panel,Anker,"Anker SOLIX C2000 Gen2 Portable Power Station | 2,048Wh / 2,400W (4,000W Peak) | 58-Min UltraFast Recharge | Expandable to 4kWh | Choose Your Bundle | 5-Year Warranty - C2000 Gen 2 + 400W Solar Panel",https://offgridempire.com/kits/anker-4kw-anker-solix-c2000-gen-2-400w-solar-panel,1149,0,1149,86,0.56,2.87,400,2048,2400,48,LiFePO4,Shop Solar Kits,1099,1299,68,2026-06-21
anker-4kw-anker-solix-c2000-gen-2-400w-solar-panel-car-alterna,Anker,"Anker SOLIX C2000 Gen2 Portable Power Station | 2,048Wh / 2,400W (4,000W Peak) | 58-Min UltraFast Recharge | Expandable to 4kWh | Choose Your Bundle | 5-Year Warranty - C2000 Gen 2 +400W Solar Panel + Car Alternator Charger",https://offgridempire.com/kits/anker-4kw-anker-solix-c2000-gen-2-400w-solar-panel-car-alterna,1647,0,1647,86,0.8,4.12,400,2048,2400,48,LiFePO4,Shop Solar Kits,1498,1747.99,68,2026-06-21
anker-4kw-anker-solix-c2000-gen-2-car-alternator-charger,Anker,"Anker SOLIX C2000 Gen2 Portable Power Station | 2,048Wh / 2,400W (4,000W Peak) | 58-Min UltraFast Recharge | Expandable to 4kWh | Choose Your Bundle | 5-Year Warranty - C2000 Gen 2 + Car Alternator Charger",https://offgridempire.com/kits/anker-4kw-anker-solix-c2000-gen-2-car-alternator-charger,1049,0,1049,71,0.51,,0,2048,2400,48,LiFePO4,Shop Solar Kits,1048.99,1148.99,68,2026-06-21
anker-4kw-anker-solix-c2000-gen-2-expansion-battery,Anker,"Anker SOLIX C2000 Gen2 Portable Power Station | 2,048Wh / 2,400W (4,000W Peak) | 58-Min UltraFast Recharge | Expandable to 4kWh | Choose Your Bundle | 5-Year Warranty - C2000 Gen 2 + Expansion Battery",https://offgridempire.com/kits/anker-4kw-anker-solix-c2000-gen-2-expansion-battery,1348,0,1348,71,0.66,,0,2048,2400,48,LiFePO4,Shop Solar Kits,1198,1398.99,68,2026-06-21
anker-4kw-anker-solix-c2000-gen-2-expansion-battery-car-altern,Anker,"Anker SOLIX C2000 Gen2 Portable Power Station | 2,048Wh / 2,400W (4,000W Peak) | 58-Min UltraFast Recharge | Expandable to 4kWh | Choose Your Bundle | 5-Year Warranty - C2000 Gen 2 + Expansion Battery + Car Alternator Charger",https://offgridempire.com/kits/anker-4kw-anker-solix-c2000-gen-2-expansion-battery-car-altern,1749,0,1749,71,0.85,,0,2048,2400,48,LiFePO4,Shop Solar Kits,1647.99,1898,68,2026-06-21
anker-4kw-anker-solix-c2000-gen-2-main-unit-only,Anker,"Anker SOLIX C2000 Gen2 Portable Power Station | 2,048Wh / 2,400W (4,000W Peak) | 58-Min UltraFast Recharge | Expandable to 4kWh | Choose Your Bundle | 5-Year Warranty - C2000 Gen 2 [Main Unit Only]",https://offgridempire.com/kits/anker-4kw-anker-solix-c2000-gen-2-main-unit-only,749,0,749,71,0.37,,0,2048,2400,48,LiFePO4,Shop Solar Kits,699,799.99,68,2026-06-21
anker-6000w-anker-2-x-f3800-double-power-hub,Anker,"Anker F3800 - 3,840Wh / 6,000W Solar Power Station | 1,600W Solar Input | Choose Your Custom Bundle | 5-Year Warranty | Complete Solar Kit - 2 x F3800 + Double Power Hub",https://offgridempire.com/kits/anker-6000w-anker-2-x-f3800-double-power-hub,4197,0,4197,71,1.09,0.7,6000,3840,0,48,LiFePO4,Shop Solar Kits,4197,5599,68,2026-06-21
anker-6000w-anker-double-kit-2-x-200w-24v-rigid-panels,Anker,"Anker F3800 - 3,840Wh / 6,000W Solar Power Station | 1,600W Solar Input | Choose Your Custom Bundle | 5-Year Warranty | Complete Solar Kit - Double Kit [2 x 200W 24V Rigid Panels]",https://offgridempire.com/kits/anker-6000w-anker-double-kit-2-x-200w-24v-rigid-panels,2242,0,2242,71,0.58,0.37,6000,3840,0,24,LiFePO4,Shop Solar Kits,2242.23,3189,69,2026-06-21
anker-6000w-anker-f3800-expansion-battery,Anker,"Anker F3800 - 3,840Wh / 6,000W Solar Power Station | 1,600W Solar Input | Choose Your Custom Bundle | 5-Year Warranty | Complete Solar Kit - F3800 + Expansion Battery",https://offgridempire.com/kits/anker-6000w-anker-f3800-expansion-battery,3298,0,3298,71,0.86,0.55,6000,3840,0,48,LiFePO4,Shop Solar Kits,3098,4499,70,2026-06-21
anker-6000w-anker-f3800-main-unit-only,Anker,"Anker F3800 - 3,840Wh / 6,000W Solar Power Station | 1,600W Solar Input | Choose Your Custom Bundle | 5-Year Warranty | Complete Solar Kit - F3800 [Main Unit Only]",https://offgridempire.com/kits/anker-6000w-anker-f3800-main-unit-only,1999,0,1999,71,0.52,0.33,6000,3840,0,48,LiFePO4,Shop Solar Kits,1899,3499,70,2026-06-21
anker-6000w-anker-nomad-kit-2-x-200w-folding-panels,Anker,"Anker F3800 - 3,840Wh / 6,000W Solar Power Station | 1,600W Solar Input | Choose Your Custom Bundle | 5-Year Warranty | Complete Solar Kit - Nomad Kit [2 x 200W Folding Panels]",https://offgridempire.com/kits/anker-6000w-anker-nomad-kit-2-x-200w-folding-panels,2422,0,2422,71,0.63,0.4,6000,3840,0,48,LiFePO4,Shop Solar Kits,2422.12,3889,70,2026-06-21
anker-6000w-anker-quad-kit-4-x-200w-24v-rigid-panels,Anker,"Anker F3800 - 3,840Wh / 6,000W Solar Power Station | 1,600W Solar Input | Choose Your Custom Bundle | 5-Year Warranty | Complete Solar Kit - Quad Kit [4 x 200W 24V Rigid Panels]",https://offgridempire.com/kits/anker-6000w-anker-quad-kit-4-x-200w-24v-rigid-panels,2626,0,2626,71,0.68,0.44,6000,3840,0,24,LiFePO4,Shop Solar Kits,2625.56,4139,70,2026-06-21
anker-600w-anker-solix-c1000-gen-2-main-unit-only,Anker,"Anker SOLIX C1000 Gen2 Portable Power Station | 1,024Wh / 2,000W | 49-Min UltraFast Recharge | 600W Solar Input | Choose Your Bundle Option | 5-Year Warranty - C1000 Gen 2 [Main Unit Only]",https://offgridempire.com/kits/anker-600w-anker-solix-c1000-gen-2-main-unit-only,449,0,449,86,0.44,0.75,600,1024,2000,48,LiFePO4,Shop Solar Kits,399,499.99,67,2026-06-21
anker-6400w-plus-2-x-f3800p-double-voltage-hub,Anker,"Anker F3800 [PLUS] Dual Kits - 7,680Wh / 6,000W | 120V/240V Output | 6,400W Solar Input | Choose Your Bundle Option | 5-Year Warranty - 2 x F3800P + Double Voltage Hub",https://offgridempire.com/kits/anker-6400w-plus-2-x-f3800p-double-voltage-hub,4797,0,4797,86,0.62,0.75,6400,7680,6000,48,LiFePO4,Shop Solar Kits,4797,4997,65,2026-06-21
anker-6400w-plus-2-x-f3800p-home-power-panel-sub-panel,Anker,"Anker F3800 [PLUS] Dual Kits - 7,680Wh / 6,000W | 120V/240V Output | 6,400W Solar Input | Choose Your Bundle Option | 5-Year Warranty - 2 x F3800P + Home Power Panel & Sub Panel",https://offgridempire.com/kits/anker-6400w-plus-2-x-f3800p-home-power-panel-sub-panel,6798,0,6798,86,0.89,1.06,6400,7680,6000,48,LiFePO4,Shop Solar Kits,6798,6798,65,2026-06-21
anker-6400w-plus-backup-kit-20-x-200w-rigid-panels-2-x-xp,Anker,"Anker F3800 [PLUS] Dual Kits - 7,680Wh / 6,000W | 120V/240V Output | 6,400W Solar Input | Choose Your Bundle Option | 5-Year Warranty - Backup Kit [20 x 200W Rigid Panels + 2 x XP Batteries]",https://offgridempire.com/kits/anker-6400w-plus-backup-kit-20-x-200w-rigid-panels-2-x-xp,10852,0,10852,86,1.41,1.7,6400,7680,6000,48,LiFePO4,Shop Solar Kits,10852.34,14999,66,2026-06-21
anker-6400w-plus-backup-kit-pro-24-x-200w-rigid-panels-4,Anker,"Anker F3800 [PLUS] Dual Kits - 7,680Wh / 6,000W | 120V/240V Output | 6,400W Solar Input | Choose Your Bundle Option | 5-Year Warranty - Backup Kit Pro [24 x 200W Rigid Panels + 4 x XP Batteries]",https://offgridempire.com/kits/anker-6400w-plus-backup-kit-pro-24-x-200w-rigid-panels-4,14045,0,14045,86,1.83,2.19,6400,7680,6000,48,LiFePO4,Shop Solar Kits,14045.23,17549,66,2026-06-21
bluetti-1800w-bluetti-rv-basic-solution-set-rv5-power-hub-b4810-b,Bluetti,"BLUETTI RV5 - Modular RV Solar System | 5,000W | 120V | Off-Grid Ready | UL Certified | 5-Year Warranty - Basic Solution Set [RV5 Power Hub + B4810 Battery]",https://offgridempire.com/kits/bluetti-1800w-bluetti-rv-basic-solution-set-rv5-power-hub-b4810-b,2799,0,2799,86,0.55,1.55,1800,5120,5000,12,LiFePO4,Shop Solar Kits,2799,2799,67,2026-06-21
bluetti-1800w-bluetti-rv-rv5-power-hub-unit-only,Bluetti,"BLUETTI RV5 - Modular RV Solar System | 5,000W | 120V | Off-Grid Ready | UL Certified | 5-Year Warranty - RV5 Power Hub [Unit Only]",https://offgridempire.com/kits/bluetti-1800w-bluetti-rv-rv5-power-hub-unit-only,1299,0,1299,86,0.25,0.72,1800,5120,5000,48,LiFePO4,Shop Solar Kits,1299,1299,67,2026-06-21
bluetti-1800w-bluetti-rv-smart-solution-set-rv5-power-hub-b4810-b,Bluetti,"BLUETTI RV5 - Modular RV Solar System | 5,000W | 120V | Off-Grid Ready | UL Certified | 5-Year Warranty - Smart Solution Set [RV5 Power Hub+ B4810 Battery + Epanel + Epad]",https://offgridempire.com/kits/bluetti-1800w-bluetti-rv-smart-solution-set-rv5-power-hub-b4810-b,3699,0,3699,86,0.72,2.06,1800,5120,5000,48,LiFePO4,Shop Solar Kits,3699,3699,67,2026-06-21
bluetti-200w-ac50p,Bluetti,"BLUETTI PREMIUM 50 [AC50P] Portable Power Station | 700W / 504Wh LiFePO4 | Turbo-Charge, UPS, App Control | 3,000 Cycles, 2-Year Warranty",https://offgridempire.com/kits/bluetti-200w-ac50p,359,0,359,86,0.71,1.79,200,504,700,48,LiFePO4,Shop Solar Kits,319,359,67,2026-06-21
bluetti-30000w-apex-300-apex300-2-x-b300k2,Bluetti,"BLUETTI [APEX 300] Modular Power Station | 3,840W / 2,765Wh | 120V/240V Dual Voltage | 5-Year Warranty | Choose Your Bundle - APEX300 + 2 x  B300K2",https://offgridempire.com/kits/bluetti-30000w-apex-300-apex300-2-x-b300k2,3399,0,3399,86,1.23,0.11,30000,2765,3840,48,LiFePO4,Shop Solar Kits,1599,3399,66,2026-06-21
bluetti-30000w-apex-300-apex300-b300k2,Bluetti,"BLUETTI [APEX 300] Modular Power Station | 3,840W / 2,765Wh | 120V/240V Dual Voltage | 5-Year Warranty | Choose Your Bundle - APEX300 + B300K2",https://offgridempire.com/kits/bluetti-30000w-apex-300-apex300-b300k2,2499,0,2499,86,0.9,0.08,30000,2765,3840,48,LiFePO4,Shop Solar Kits,1599,2499,66,2026-06-21
bluetti-30000w-apex-300-apex300-basecamp-kit-4-x-200w-rigid-pane,Bluetti,"BLUETTI [APEX 300] Modular Power Station | 3,840W / 2,765Wh | 120V/240V Dual Voltage | 5-Year Warranty | Choose Your Bundle - APEX300 Basecamp Kit [4 x 200W Rigid Panel + EMP Bag]",https://offgridempire.com/kits/bluetti-30000w-apex-300-apex300-basecamp-kit-4-x-200w-rigid-pane,3929,0,3929,86,1.42,0.13,30000,2765,3840,48,LiFePO4,Shop Solar Kits,1599,3929,66,2026-06-21
bluetti-30000w-apex-300-apex300-hex-kit-6-x-200w-rigid-panels,Bluetti,"BLUETTI [APEX 300] Modular Power Station | 3,840W / 2,765Wh | 120V/240V Dual Voltage | 5-Year Warranty | Choose Your Bundle - APEX300 Hex Kit [6 x 200W Rigid Panels]",https://offgridempire.com/kits/bluetti-30000w-apex-300-apex300-hex-kit-6-x-200w-rigid-panels,3789,0,3789,86,1.37,0.13,30000,2765,3840,48,LiFePO4,Shop Solar Kits,1599,3789,66,2026-06-21
bluetti-30000w-apex-300-apex300-main-unit-only,Bluetti,"BLUETTI [APEX 300] Modular Power Station | 3,840W / 2,765Wh | 120V/240V Dual Voltage | 5-Year Warranty | Choose Your Bundle - APEX300 [Main Unit Only]",https://offgridempire.com/kits/bluetti-30000w-apex-300-apex300-main-unit-only,1599,0,1599,86,0.58,0.05,30000,2765,3840,12,Unknown,Shop Solar Kits,1599,1599,66,2026-06-21
bluetti-30000w-apex-300-apex300-nomad-kit-2-x-200w-rigid-panels,Bluetti,"BLUETTI [APEX 300] Modular Power Station | 3,840W / 2,765Wh | 120V/240V Dual Voltage | 5-Year Warranty | Choose Your Bundle - APEX300 Nomad Kit [2 x 200W Rigid Panels]",https://offgridempire.com/kits/bluetti-30000w-apex-300-apex300-nomad-kit-2-x-200w-rigid-panels,2929,0,2929,86,1.06,0.1,30000,2765,3840,48,LiFePO4,Shop Solar Kits,1599,2929,66,2026-06-21
bluetti-30000w-apex-300-apex300-platinum-kit-2-x-apex300-6-x-b30,Bluetti,"BLUETTI [APEX 300] Modular Power Station | 3,840W / 2,765Wh | 120V/240V Dual Voltage | 5-Year Warranty | Choose Your Bundle - APEX300 Platinum Kit [2 x Apex300 + 6 x B300K2 + 12 x 200W Rigid Solar Panel]",https://offgridempire.com/kits/bluetti-30000w-apex-300-apex300-platinum-kit-2-x-apex300-6-x-b30,11889,0,11889,86,4.3,0.4,30000,2765,3840,48,LiFePO4,Shop Solar Kits,1599,11889,66,2026-06-21
bluetti-30000w-apex-300-apex300-quad-kit-4-x-200w-rigid-panels,Bluetti,"BLUETTI [APEX 300] Modular Power Station | 3,840W / 2,765Wh | 120V/240V Dual Voltage | 5-Year Warranty | Choose Your Bundle - APEX300 Quad Kit [4 x 200W Rigid Panels]",https://offgridempire.com/kits/bluetti-30000w-apex-300-apex300-quad-kit-4-x-200w-rigid-panels,3399,0,3399,86,1.23,0.11,30000,2765,3840,48,LiFePO4,Shop Solar Kits,1599,3399,66,2026-06-21
bluetti-500w-ac180p-basecamp-kit-1-x-200w-folding-panels-emp,Bluetti,"BLUETTI Premium 150 [AC180P] Portable Power Station + Choose Your Custom Your Custom | 3,500 Cycles | 5‑Year Warranty | Complete Solar Generator Kit - Basecamp Kit [1 x 200W Folding Panels + EMP Bag]",https://offgridempire.com/kits/bluetti-500w-ac180p-basecamp-kit-1-x-200w-folding-panels-emp,1189,0,1189,86,0.83,2.38,500,1440,1800,48,LiFePO4,Shop Solar Kits,1189,1349,69,2026-06-21
bluetti-500w-ac180p-bluetti-ac180p-main-unit-only,Bluetti,"BLUETTI Premium 150 [AC180P] Portable Power Station + Choose Your Custom Your Custom | 3,500 Cycles | 5‑Year Warranty | Complete Solar Generator Kit - Bluetti AC180P [Main Unit Only]",https://offgridempire.com/kits/bluetti-500w-ac180p-bluetti-ac180p-main-unit-only,699,0,699,86,0.49,1.4,500,1440,1800,48,LiFePO4,Shop Solar Kits,699,999,69,2026-06-21
bluetti-500w-ac180p-double-kit-2-x-200w-rigid-panels,Bluetti,"BLUETTI Premium 150 [AC180P] Portable Power Station + Choose Your Custom Your Custom | 3,500 Cycles | 5‑Year Warranty | Complete Solar Generator Kit - Double Kit [2 x 200W Rigid Panels]",https://offgridempire.com/kits/bluetti-500w-ac180p-double-kit-2-x-200w-rigid-panels,969,0,969,86,0.67,1.94,500,1440,1800,48,LiFePO4,Shop Solar Kits,969,1249,69,2026-06-21
bluetti-500w-ac180p-eclipse-kit-1-x-200w-folding-panels,Bluetti,"BLUETTI Premium 150 [AC180P] Portable Power Station + Choose Your Custom Your Custom | 3,500 Cycles | 5‑Year Warranty | Complete Solar Generator Kit - Eclipse Kit [1 x 200W Folding Panels]",https://offgridempire.com/kits/bluetti-500w-ac180p-eclipse-kit-1-x-200w-folding-panels,909,0,909,86,0.63,1.82,500,1440,1800,12,LiFePO4,Shop Solar Kits,909,1069,69,2026-06-21
bluetti-500w-ac180p-nomad-f-2-x-200w-folding-panels,Bluetti,"BLUETTI Premium 150 [AC180P] Portable Power Station + Choose Your Custom Your Custom | 3,500 Cycles | 5‑Year Warranty | Complete Solar Generator Kit - Nomad F [2 x 200W Folding Panels]",https://offgridempire.com/kits/bluetti-500w-ac180p-nomad-f-2-x-200w-folding-panels,1169,0,1169,86,0.81,2.34,500,1440,1800,48,LiFePO4,Shop Solar Kits,1169,1349,69,2026-06-21
bluetti-500w-ac180p-nomad-r-2-x-200w-rigid-panels-brackets,Bluetti,"BLUETTI Premium 150 [AC180P] Portable Power Station + Choose Your Custom Your Custom | 3,500 Cycles | 5‑Year Warranty | Complete Solar Generator Kit - Nomad R [2 x 200W Rigid Panels + Brackets]",https://offgridempire.com/kits/bluetti-500w-ac180p-nomad-r-2-x-200w-rigid-panels-brackets,989,0,989,86,0.69,1.98,500,1440,1800,48,LiFePO4,Shop Solar Kits,989,1269,69,2026-06-21
bluetti-ac200pl-basecamp-kit-1-x-200w-folding-panels-emp,Bluetti,"BLUETTI Premium 200 [AC200PL] Portable Power Statio | Complete Solar Generator Kit | 3,500 Cycles | 5‑Year Warranty | Choose Your Bundle - Basecamp Kit [1 x 200W Folding Panels + EMP Bag]",https://offgridempire.com/kits/bluetti-ac200pl-basecamp-kit-1-x-200w-folding-panels-emp,1789,0,1789,71,0.78,,0,2304,2400,48,LiFePO4,Shop Solar Kits,1789,1999,70,2026-06-21
bluetti-ac200pl-bluetti-ac200p-l-main-unit-only,Bluetti,"BLUETTI Premium 200 [AC200PL] Portable Power Statio | Complete Solar Generator Kit | 3,500 Cycles | 5‑Year Warranty | Choose Your Bundle - Bluetti AC200P L [Main Unit Only]",https://offgridempire.com/kits/bluetti-ac200pl-bluetti-ac200p-l-main-unit-only,1299,0,1299,71,0.56,,0,2304,2400,48,LiFePO4,Shop Solar Kits,1199,1999,70,2026-06-21
bluetti-ac200pl-double-kit-2-x-200w-rigid-panels,Bluetti,"BLUETTI Premium 200 [AC200PL] Portable Power Statio | Complete Solar Generator Kit | 3,500 Cycles | 5‑Year Warranty | Choose Your Bundle - Double Kit [2 x 200W Rigid Panels]",https://offgridempire.com/kits/bluetti-ac200pl-double-kit-2-x-200w-rigid-panels,1589,0,1589,71,0.69,,0,2304,2400,48,LiFePO4,Shop Solar Kits,1589,1999,70,2026-06-21
bluetti-ac200pl-eclipse-kit-1-x-200w-folding-panels,Bluetti,"BLUETTI Premium 200 [AC200PL] Portable Power Statio | Complete Solar Generator Kit | 3,500 Cycles | 5‑Year Warranty | Choose Your Bundle - Eclipse Kit [1 x 200W Folding Panels]",https://offgridempire.com/kits/bluetti-ac200pl-eclipse-kit-1-x-200w-folding-panels,1509,0,1509,71,0.65,,0,2304,2400,48,LiFePO4,Shop Solar Kits,1509,1999,70,2026-06-21
bluetti-ac200pl-nomad-kit-2-x-200w-folding-panels,Bluetti,"BLUETTI Premium 200 [AC200PL] Portable Power Statio | Complete Solar Generator Kit | 3,500 Cycles | 5‑Year Warranty | Choose Your Bundle - Nomad Kit [2 x 200W Folding Panels]",https://offgridempire.com/kits/bluetti-ac200pl-nomad-kit-2-x-200w-folding-panels,1749,0,1749,71,0.76,,0,2304,2400,48,LiFePO4,Shop Solar Kits,1749,1999,70,2026-06-21
bluetti-ac200pl-quad-kit-4-x-200w-rigid-panels,Bluetti,"BLUETTI Premium 200 [AC200PL] Portable Power Statio | Complete Solar Generator Kit | 3,500 Cycles | 5‑Year Warranty | Choose Your Bundle - Quad Kit [4 x 200W Rigid Panels]",https://offgridempire.com/kits/bluetti-ac200pl-quad-kit-4-x-200w-rigid-panels,1899,0,1899,71,0.82,,0,2304,2400,48,LiFePO4,Shop Solar Kits,1899,2389,70,2026-06-21
bluetti-ac300-b300-pv350,Bluetti,Bluetti AC300 + B300 + PV350 Solar Panel,https://offgridempire.com/kits/bluetti-ac300-b300-pv350,3799,0,3799,86,1.24,10.85,350,3072,3000,48,LiFePO4,Amazon,3799,3799,1,2026-03-23
bluetti-ac300-b300k-pv350,Bluetti,BLUETTI AC300 + B300K + 350W Solar Panel Bundle,https://offgridempire.com/kits/bluetti-ac300-b300k-pv350,2299,0,2299,86,0.83,6.57,350,2764,3000,48,LiFePO4,Bluetti,1799,4348,106,2026-04-28
bluetti-bluetti-ac,Bluetti,Bluetti AC180T 1433Wh / 1800W Portable Power Station,https://offgridempire.com/kits/bluetti-bluetti-ac,999,0,999,71,0.7,,0,1433,1800,48,LiFePO4,Shop Solar Kits,999,999,68,2026-06-21
bluetti-bluetti-ac-basecamp-kit-1-x-100w-folding-panels-emp,Bluetti,Bluetti AC2P 300W / 230.4Wh Portable Power Station + Choose Your Custom Your Custom Bundle | Complete Solar Generator Kit - Basecamp Kit [1 x 100W Folding Panels + EMP Bag],https://offgridempire.com/kits/bluetti-bluetti-ac-basecamp-kit-1-x-100w-folding-panels-emp,659,0,659,71,164.75,,0,4,300,12,LiFePO4,Shop Solar Kits,659,699,69,2026-06-21
bluetti-bluetti-ac-bluetti-ac2p-main-unit-only,Bluetti,Bluetti AC2P 300W / 230.4Wh Portable Power Station + Choose Your Custom Your Custom Bundle | Complete Solar Generator Kit - Bluetti AC2P [Main Unit Only],https://offgridempire.com/kits/bluetti-bluetti-ac-bluetti-ac2p-main-unit-only,209,0,209,71,52.25,,0,4,300,12,LiFePO4,Shop Solar Kits,209,299,69,2026-06-21
bluetti-bluetti-ac-double-kit-2-x-100w-rigid-panels,Bluetti,Bluetti AC2P 300W / 230.4Wh Portable Power Station + Choose Your Custom Your Custom Bundle | Complete Solar Generator Kit - Double Kit [2 x 100W Rigid Panels],https://offgridempire.com/kits/bluetti-bluetti-ac-double-kit-2-x-100w-rigid-panels,409,0,409,71,102.25,,0,4,300,12,LiFePO4,Shop Solar Kits,409,439,69,2026-06-21
bluetti-bluetti-ac-eclipse-kit-1-x-100w-folding-panels,Bluetti,Bluetti AC2P 300W / 230.4Wh Portable Power Station + Choose Your Custom Your Custom Bundle | Complete Solar Generator Kit - Eclipse Kit [1 x 100W Folding Panels],https://offgridempire.com/kits/bluetti-bluetti-ac-eclipse-kit-1-x-100w-folding-panels,379,0,379,71,94.75,,0,4,300,12,LiFePO4,Shop Solar Kits,379,429,69,2026-06-21
bluetti-bluetti-ac-nomad-kit-2-x-100w-folding-panels,Bluetti,Bluetti AC2P 300W / 230.4Wh Portable Power Station + Choose Your Custom Your Custom Bundle | Complete Solar Generator Kit - Nomad Kit [2 x 100W Folding Panels],https://offgridempire.com/kits/bluetti-bluetti-ac-nomad-kit-2-x-100w-folding-panels,509,0,509,71,127.25,,0,4,300,12,LiFePO4,Shop Solar Kits,509,569,69,2026-06-21
bluetti-bluetti-eb,Bluetti,BLUETTI EB3A Portable Power Station | 600W / 268wH Lithium Battery,https://offgridempire.com/kits/bluetti-bluetti-eb,299,0,299,71,1.12,,0,268,1200,24,LiFePO4,Shop Solar Kits,239,299,71,2026-06-21
callsun-ntype-16bb-200w-bifacial-200-watt-for-12v-battery-sy,Callsun,"Callsun N-Type 16BB 200W Bifacial Solar Panel, 200 Watt Solar Panel for 12V Battery Systems, 25% High Efficiency, Dual-Module Parallel Anti-Shade Design, for RV Van Marine Home Rooftop Off-Grid",https://offgridempire.com/kits/callsun-ntype-16bb-200w-bifacial-200-watt-for-12v-battery-sy,167,0,167,0,,,0,0,0,12,Unknown,Amazon,151.99,179.99,45,2026-06-21
core-1.6kw-core-max-2-x-100ah-24v-lfp-battery-5kwh,CORE,CORE 1.6kW Off-Grid Solar Kit - Dual Rich Solar 3K Inverters - 5-7kWh Lithium Battery [CORE MAX] - 2 x 100Ah 24V LFP Battery - 5kWh,https://offgridempire.com/kits/core-1.6kw-core-max-2-x-100ah-24v-lfp-battery-5kwh,4389,0,4389,71,0.88,2.74,1600,5000,0,24,LiFePO4,Shop Solar Kits,4389,4389,65,2026-06-21
core-1.6kw-core-max-3-x-100ah-24v-lfp-battery-7kwh,CORE,CORE 1.6kW Off-Grid Solar Kit - Dual Rich Solar 3K Inverters - 5-7kWh Lithium Battery [CORE MAX] - 3 x 100Ah 24V LFP Battery - 7kWh,https://offgridempire.com/kits/core-1.6kw-core-max-3-x-100ah-24v-lfp-battery-7kwh,4989,0,4989,71,0.71,3.12,1600,7000,0,24,LiFePO4,Shop Solar Kits,4989,4989,65,2026-06-21
core-3.2kw-core-pro,CORE,CORE 3.2kW Off-Grid Solar Kit - Rich Solar 6K Inverter - 10kWh Lithium Battery [CORE PRO],https://offgridempire.com/kits/core-3.2kw-core-pro,5989,0,5989,86,0.6,1.87,3200,10000,7500,48,LiFePO4,Shop Solar Kits,5989,5989,65,2026-06-21
core-7kw-core-plus-2-x-100ah-24v-lfp-battery-5kwh,CORE,CORE 800W Off-Grid Solar Kit - Rich Solar 3K Inverter - 5-7kWh Lithium Battery [CORE PLUS] - 2 x 100Ah 24V LFP Battery - 5kWh,https://offgridempire.com/kits/core-7kw-core-plus-2-x-100ah-24v-lfp-battery-5kwh,2549,0,2549,71,0.51,3.19,800,5000,0,24,LiFePO4,Shop Solar Kits,2549,2549,65,2026-06-21
core-7kw-core-plus-3-x-100ah-24v-lfp-battery-7kwh,CORE,CORE 800W Off-Grid Solar Kit - Rich Solar 3K Inverter - 5-7kWh Lithium Battery [CORE PLUS] - 3 x 100Ah 24V LFP Battery - 7kWh,https://offgridempire.com/kits/core-7kw-core-plus-3-x-100ah-24v-lfp-battery-7kwh,3089,0,3089,71,0.44,3.86,800,7000,0,24,LiFePO4,Shop Solar Kits,3089,3089,65,2026-06-21
dokio-100w-portable-foldable-kit-19x26in-53lb-separate-contr,DOKIO,"DOKIO 100W Portable Foldable Solar Panel Kit (19x26in, 5.3lb), with Separate Controller and Dual USB, Monocrystalline Charger for 12V Batteries & Power Stations, RV Camping Trailer Emergency Backup",https://offgridempire.com/kits/dokio-100w-portable-foldable-kit-19x26in-53lb-separate-contr,69,0,69,0,,,0,0,0,12,Unknown,Amazon,64.77,68.77,45,2026-06-21
dokio-200w-portable-foldable-kit-compact-20x264in-design-97l,DOKIO,"DOKIO 200W Portable Foldable Solar Panel Kit, Compact 20x26.4in Design 9.7lb with Standalone Controller and USB, Monocrystalline Charger for 12V Batteries, Power Stations, RV Camping Emergency Use",https://offgridempire.com/kits/dokio-200w-portable-foldable-kit-compact-20x264in-design-97l,137,0,137,0,,,0,0,0,12,Unknown,Amazon,86.17,136.77,39,2026-06-21
eco-worthy-200w-complete,Eco-Worthy,ECO-WORTHY 200W 12V Complete Kit with 100Ah Battery + 1100W Inverter,https://offgridempire.com/kits/eco-worthy-200w-complete,640,135,775,71,0.61,3.88,200,1280,1100,12,LiFePO4,Amazon,399.99,639.99,108,2026-06-21
eco-worthy-200w-starter,Eco-Worthy,Eco-Worthy 200W 12V Solar Starter Kit,https://offgridempire.com/kits/eco-worthy-200w-starter,170,430,600,57,,3,200,0,0,12,None,Amazon,134.99,258.85,246,2026-06-21
eco-worthy-400w-premium-mppt,Eco-Worthy,ECO-WORTHY 400W 12V Premium Solar Panel Kit with 40A MPPT,https://offgridempire.com/kits/eco-worthy-400w-premium-mppt,427,351,778,57,,1.95,400,0,0,12,None,Amazon,343.99,569.99,177,2026-06-21
eco-worthy-eco-worthy-energy-storage-system-powermega-48v-31,Eco-Worthy,"ECO-WORTHY Energy Storage System, Powermega 48V 314Ah(V2) LiFePO4 Battery with 5kW Inverter, Active Balancing BMS, Built-in Bluetooth and WiFi, Communication-Ready for Home Backup, Emergency Use",https://offgridempire.com/kits/eco-worthy-eco-worthy-energy-storage-system-powermega-48v-31,2900,0,2900,0,,,0,0,0,12,Unknown,Amazon,2634.99,3099.99,14,2026-05-21
ecoflow-10kw-ecoflow-ocean,EcoFlow,EcoFlow OCEAN PRO 10kWh Battery Module | LFP |  IP67 Rated | UL 9540A/B | Stackable to 80kWh | Residential & Backup Power,https://offgridempire.com/kits/ecoflow-10kw-ecoflow-ocean,6899,0,6899,57,0.69,,0,10000,0,48,LiFePO4,Shop Solar Kits,6899,6899,65,2026-06-21
ecoflow-11kw-ecoflow-delta-basecamp-kit-4-x-200w-rigid-solar-panel,EcoFlow,"EcoFlow DELTA 3 Ultra Plus – 3,072Wh / 3,600W Portable Power Station + Smart Output Priority Tech | Expandable to 11kWh | 5-Year Warranty | Complete Solar Kit - Basecamp Kit [4 x 200W Rigid Solar Panel + EMP Bag]",https://offgridempire.com/kits/ecoflow-11kw-ecoflow-delta-basecamp-kit-4-x-200w-rigid-solar-panel,2798,0,2798,71,0.91,,0,3072,3600,48,LiFePO4,Shop Solar Kits,2796.64,2797.94,67,2026-06-21
ecoflow-11kw-ecoflow-delta-delta-3-ultra-plus-main-unit-only,EcoFlow,"EcoFlow DELTA 3 Ultra Plus – 3,072Wh / 3,600W Portable Power Station + Smart Output Priority Tech | Expandable to 11kWh | 5-Year Warranty | Complete Solar Kit - DELTA 3 ULTRA Plus [Main Unit Only]",https://offgridempire.com/kits/ecoflow-11kw-ecoflow-delta-delta-3-ultra-plus-main-unit-only,1499,0,1499,71,0.49,,0,3072,3600,48,LiFePO4,Shop Solar Kits,1499,1599,67,2026-06-21
ecoflow-11kw-ecoflow-delta-hex-kit-6-x-200w-rigid-solar-panel,EcoFlow,"EcoFlow DELTA 3 Ultra Plus – 3,072Wh / 3,600W Portable Power Station + Smart Output Priority Tech | Expandable to 11kWh | 5-Year Warranty | Complete Solar Kit - Hex Kit [6 x 200W Rigid Solar Panel]",https://offgridempire.com/kits/ecoflow-11kw-ecoflow-delta-hex-kit-6-x-200w-rigid-solar-panel,2642,0,2642,71,0.86,,0,3072,3600,48,LiFePO4,Shop Solar Kits,2637.14,2642.34,67,2026-06-21
ecoflow-11kw-ecoflow-delta-nomad-kit-2-x-200w-folding-solar-panel,EcoFlow,"EcoFlow DELTA 3 Ultra Plus – 3,072Wh / 3,600W Portable Power Station + Smart Output Priority Tech | Expandable to 11kWh | 5-Year Warranty | Complete Solar Kit - Nomad Kit [2 x 200W Folding Solar Panel]",https://offgridempire.com/kits/ecoflow-11kw-ecoflow-delta-nomad-kit-2-x-200w-folding-solar-panel,2026,0,2026,71,0.66,,0,3072,3600,48,LiFePO4,Shop Solar Kits,2005.57,2025.97,67,2026-06-21
ecoflow-11kw-ecoflow-delta-quad-kit-4-x-200w-rigid-solar-panel,EcoFlow,"EcoFlow DELTA 3 Ultra Plus – 3,072Wh / 3,600W Portable Power Station + Smart Output Priority Tech | Expandable to 11kWh | 5-Year Warranty | Complete Solar Kit - Quad Kit [4 x 200W Rigid Solar Panel]",https://offgridempire.com/kits/ecoflow-11kw-ecoflow-delta-quad-kit-4-x-200w-rigid-solar-panel,2249,0,2249,71,0.73,,0,3072,3600,48,LiFePO4,Shop Solar Kits,2234.04,2249.23,67,2026-06-21
ecoflow-160w-max-ecoflow-river-2-max-160w-panel,EcoFlow,EcoFlow RIVER 2 [MAX] 512Wh / 500W Portable Power Station + Choose Your Custom Bundle | Complete Solar Kit - EcoFlow River 2 Max + 160W Panel,https://offgridempire.com/kits/ecoflow-160w-max-ecoflow-river-2-max-160w-panel,437,0,437,86,0.85,2.73,160,512,600,12,LiFePO4,Shop Solar Kits,437,437,65,2026-06-21
ecoflow-160w-pro-ecoflow-river-2-pro-160w-solar-panel,EcoFlow,EcoFlow RIVER 2 [PRO] 768Wh / 800W Portable Power Station + Choose Your Custom Bundle | Complete Solar Kit - EcoFlow River 2 Pro + 160W Solar Panel,https://offgridempire.com/kits/ecoflow-160w-pro-ecoflow-river-2-pro-160w-solar-panel,499,0,499,86,0.65,3.12,160,768,800,24,LiFePO4,Shop Solar Kits,499,519,65,2026-06-21
ecoflow-6kw-ultra-delta-pro-ultra-inverter-1-x-6kwh-batter,EcoFlow,"EcoFlow DELTA PRO [ULTRA] - 7,200W Output / 6kWh-90kWh Capacity | 5.6kW-16.8kW Solar Input | 5-Year Warranty - DELTA Pro Ultra [Inverter + 1 x 6kWh Battery]",https://offgridempire.com/kits/ecoflow-6kw-ultra-delta-pro-ultra-inverter-1-x-6kwh-batter,4099,0,4099,86,0.67,10.25,400,6144,7200000,48,LiFePO4,Shop Solar Kits,4099,4099,65,2026-06-21
ecoflow-6kw-ultra-delta-pro-ultra-inverter-2-x-battery-12k,EcoFlow,"EcoFlow DELTA PRO [ULTRA] - 7,200W Output / 6kWh-90kWh Capacity | 5.6kW-16.8kW Solar Input | 5-Year Warranty - DELTA Pro Ultra [Inverter + 2 x Battery] - 12kWh",https://offgridempire.com/kits/ecoflow-6kw-ultra-delta-pro-ultra-inverter-2-x-battery-12k,6499,0,6499,86,1.06,16.25,400,6144,7200000,48,LiFePO4,Shop Solar Kits,5999,6499,65,2026-06-21
ecoflow-6kw-ultra-delta-pro-ultra-inverter-3-x-battery-18k,EcoFlow,"EcoFlow DELTA PRO [ULTRA] - 7,200W Output / 6kWh-90kWh Capacity | 5.6kW-16.8kW Solar Input | 5-Year Warranty - DELTA Pro Ultra [Inverter + 3 x Battery] - 18kWh",https://offgridempire.com/kits/ecoflow-6kw-ultra-delta-pro-ultra-inverter-3-x-battery-18k,7999,0,7999,86,1.3,20,400,6144,7200000,48,LiFePO4,Shop Solar Kits,7998,7999,65,2026-06-21
ecoflow-6kw-ultra-delta-pro-ultra-inverter-4-x-battery-24k,EcoFlow,"EcoFlow DELTA PRO [ULTRA] - 7,200W Output / 6kWh-90kWh Capacity | 5.6kW-16.8kW Solar Input | 5-Year Warranty - DELTA Pro Ultra [Inverter + 4 x Battery] - 24kWh",https://offgridempire.com/kits/ecoflow-6kw-ultra-delta-pro-ultra-inverter-4-x-battery-24k,10099,0,10099,86,1.64,25.25,400,6144,7200000,48,LiFePO4,Shop Solar Kits,9999,10099,65,2026-06-21
ecoflow-6kw-ultra-delta-pro-ultra-inverter-5-x-battery-30k,EcoFlow,"EcoFlow DELTA PRO [ULTRA] - 7,200W Output / 6kWh-90kWh Capacity | 5.6kW-16.8kW Solar Input | 5-Year Warranty - DELTA Pro Ultra [Inverter + 5 x Battery] - 30kWh",https://offgridempire.com/kits/ecoflow-6kw-ultra-delta-pro-ultra-inverter-5-x-battery-30k,12099,0,12099,86,1.97,30.25,400,6144,7200000,48,LiFePO4,Shop Solar Kits,11998,12099,65,2026-06-21
ecoflow-80kw-ecoflow-ocean-1-x-10kwh-battery-inverter,EcoFlow,EcoFlow OCEAN PRO - Hybrid Inverter + 10-80kWh Battery Modules | 120/240V Output | 40kW Solar Input | Indoor / Outdoor Rated | 15-Year Warranty - 1 x 10KWH Battery + Inverter,https://offgridempire.com/kits/ecoflow-80kw-ecoflow-ocean-1-x-10kwh-battery-inverter,9598,0,9598,71,0.96,0.24,40000,10000,0,48,LiFePO4,Shop Solar Kits,9598,9598,66,2026-06-21
ecoflow-80kw-ecoflow-ocean-2-x-10kwh-batteries-20kwh-inverter,EcoFlow,EcoFlow OCEAN PRO - Hybrid Inverter + 10-80kWh Battery Modules | 120/240V Output | 40kW Solar Input | Indoor / Outdoor Rated | 15-Year Warranty - 2 x 10KWH Batteries [20KWH] + Inverter,https://offgridempire.com/kits/ecoflow-80kw-ecoflow-ocean-2-x-10kwh-batteries-20kwh-inverter,16389,0,16389,71,1.64,0.41,40000,10000,0,48,LiFePO4,Shop Solar Kits,16389,16389,66,2026-06-21
ecoflow-80kw-ecoflow-ocean-3-x-10kwh-batteries-30kwh-inverter,EcoFlow,EcoFlow OCEAN PRO - Hybrid Inverter + 10-80kWh Battery Modules | 120/240V Output | 40kW Solar Input | Indoor / Outdoor Rated | 15-Year Warranty - 3 x 10KWH Batteries [30KWH] + Inverter,https://offgridempire.com/kits/ecoflow-80kw-ecoflow-ocean-3-x-10kwh-batteries-30kwh-inverter,23189,0,23189,71,2.32,0.58,40000,10000,0,48,LiFePO4,Shop Solar Kits,23189,23189,66,2026-06-21
ecoflow-80kw-ecoflow-ocean-none-inverter-only,EcoFlow,EcoFlow OCEAN PRO - Hybrid Inverter + 10-80kWh Battery Modules | 120/240V Output | 40kW Solar Input | Indoor / Outdoor Rated | 15-Year Warranty - None [Inverter Only],https://offgridempire.com/kits/ecoflow-80kw-ecoflow-ocean-none-inverter-only,2799,0,2799,71,0.03,0.07,40000,80000,0,48,LiFePO4,Shop Solar Kits,2799,2799,66,2026-06-21
ecoflow-delta-pro-400w,EcoFlow,EcoFlow DELTA Pro + 400W Solar Panel,https://offgridempire.com/kits/ecoflow-delta-pro-400w,1699,0,1699,0,0.47,4.25,400,3600,3600,48,LiFePO4,EcoFlow US,1399,4999,299,2026-06-21
ecoflow-delta2-220w,EcoFlow,EcoFlow DELTA 2 1024Wh + 220W Solar Panel,https://offgridempire.com/kits/ecoflow-delta2-220w,449,0,449,0,0.44,2.04,220,1024,1800,48,LiFePO4,EcoFlow US,419,1649,253,2026-06-21
ecoflow-delta2-2x220w,EcoFlow,EcoFlow DELTA 2 1024Wh + 2x 220W Solar Panels,https://offgridempire.com/kits/ecoflow-delta2-2x220w,869,0,869,0,0.85,1.98,440,1024,1800,48,LiFePO4,EcoFlow US,799,2297,198,2026-06-21
ecoflow-delta2max-400w,EcoFlow,EcoFlow DELTA 2 Max 2048Wh + 400W Solar Panel,https://offgridempire.com/kits/ecoflow-delta2max-400w,899,0,899,86,0.44,2.25,400,2048,2400,48,LiFePO4,EcoFlow US,849,2999,273,2026-06-21
ecoflow-ecoflow-delta,EcoFlow,"EcoFlow DELTA PRO 3,600Wh / 3,600W Portable Power Station",https://offgridempire.com/kits/ecoflow-ecoflow-delta,1799,0,1799,71,0.5,,0,3600,600,24,LiFePO4,Shop Solar Kits,1799,2399,66,2026-06-21
ecoflow-ecoflow-delta-basecamp-kit-1-x-200w-folding-panel,EcoFlow,"EcoFlow Ecoflow DELTA 3 PLUS 1,024Wh Portable Power Station + Choose Custom Solar Panel Bundle Option | 5-Year Warranty | Complete Solar Kit - Basecamp Kit [1 x 200W Folding Panel]",https://offgridempire.com/kits/ecoflow-ecoflow-delta-basecamp-kit-1-x-200w-folding-panel,1329,0,1329,71,1.3,,0,1024,800,48,LiFePO4,Shop Solar Kits,1289,1487.41,68,2026-06-21
ecoflow-ecoflow-delta-basecamp-kit-2-x-200w-folding-panels-emp,EcoFlow,"EcoFlow DELTA PRO 3 - 4,096Wh / 4,000W Portable Power Station + Choose Custom Solar Panel Bundle Option | 5-Year Warranty | Complete Solar Kit - Basecamp Kit [2 x 200W Folding Panels + EMP Bag]",https://offgridempire.com/kits/ecoflow-ecoflow-delta-basecamp-kit-2-x-200w-folding-panels-emp,3356,0,3356,57,0.82,,0,4096,0,12,LiFePO4,Shop Solar Kits,3086.97,4239,69,2026-06-21
ecoflow-ecoflow-delta-basecamp-kit-4-x-200w-rigid-solar-panel,EcoFlow,"EcoFlow DELTA 3 Ultra – 3,072Wh / 3,600W Portable Power Station + Choose Custom Solar Panel Bundle Option | 5-Year Warranty | Complete Solar Kit - Basecamp Kit [4 x 200W Rigid Solar Panel + EMP Bag]",https://offgridempire.com/kits/ecoflow-ecoflow-delta-basecamp-kit-4-x-200w-rigid-solar-panel,2384,0,2384,57,0.78,,0,3072,0,48,LiFePO4,Shop Solar Kits,2330.41,2465.51,70,2026-06-21
ecoflow-ecoflow-delta-black-delta-3-max-main-unit-only,EcoFlow,"EcoFlow DELTA 3 Max – 2,048Wh / 2,400W Portable Power Station + Choose Custom Solar Panel Bundle Option | 5-Year Warranty | Complete Solar Kit - Black / DELTA 3 MAX [Main Unit Only]",https://offgridempire.com/kits/ecoflow-ecoflow-delta-black-delta-3-max-main-unit-only,789,0,789,71,0.39,,0,2048,2400,48,LiFePO4,Shop Solar Kits,789,899,68,2026-06-21
ecoflow-ecoflow-delta-black-nomad-kit-2-x-200w-folding-solar-p,EcoFlow,"EcoFlow DELTA 3 Max – 2,048Wh / 2,400W Portable Power Station + Choose Custom Solar Panel Bundle Option | 5-Year Warranty | Complete Solar Kit - Black / Nomad Kit [2 x 200W Folding Solar Panel]",https://offgridempire.com/kits/ecoflow-ecoflow-delta-black-nomad-kit-2-x-200w-folding-solar-p,1349,0,1349,71,0.66,,0,2048,2400,48,LiFePO4,Shop Solar Kits,1348.75,1498.75,68,2026-06-21
ecoflow-ecoflow-delta-delta-3-max-plus-main-unit-only,EcoFlow,"EcoFlow DELTA 3 Max Plus – 2,048Wh / 3,000W Portable Power Station + Choose Custom Solar Panel Bundle Option | 5-Year Warranty | Complete Solar Kit - DELTA 3 MAX PLUS [Main Unit Only]",https://offgridempire.com/kits/ecoflow-ecoflow-delta-delta-3-max-plus-main-unit-only,1099,0,1099,71,0.54,,0,2048,3000,48,LiFePO4,Shop Solar Kits,1049,1109,68,2026-06-21
ecoflow-ecoflow-delta-delta-3-plus-main-unit-only,EcoFlow,"EcoFlow Ecoflow DELTA 3 PLUS 1,024Wh Portable Power Station + Choose Custom Solar Panel Bundle Option | 5-Year Warranty | Complete Solar Kit - Delta 3 Plus [Main Unit Only]",https://offgridempire.com/kits/ecoflow-ecoflow-delta-delta-3-plus-main-unit-only,699,0,699,71,0.68,,0,1024,800,48,LiFePO4,Shop Solar Kits,649,699,68,2026-06-21
ecoflow-ecoflow-delta-delta-3-ultra-main-unit-only,EcoFlow,"EcoFlow DELTA 3 Ultra – 3,072Wh / 3,600W Portable Power Station + Choose Custom Solar Panel Bundle Option | 5-Year Warranty | Complete Solar Kit - Delta 3 Ultra [Main Unit Only]",https://offgridempire.com/kits/ecoflow-ecoflow-delta-delta-3-ultra-main-unit-only,1299,0,1299,57,0.42,,0,3072,0,48,LiFePO4,Shop Solar Kits,1299,1499,68,2026-06-21
ecoflow-ecoflow-delta-delta-pro-3-main-unit-only,EcoFlow,"EcoFlow DELTA PRO 3 - 4,096Wh / 4,000W Portable Power Station + Choose Custom Solar Panel Bundle Option | 5-Year Warranty | Complete Solar Kit - DELTA PRO 3 [Main Unit Only]",https://offgridempire.com/kits/ecoflow-ecoflow-delta-delta-pro-3-main-unit-only,2599,0,2599,57,0.63,,0,4096,0,12,LiFePO4,Shop Solar Kits,1999,3699,69,2026-06-21
ecoflow-ecoflow-delta-double-kit-2-x-200w-rigid-panel,EcoFlow,"EcoFlow Ecoflow DELTA 3 PLUS 1,024Wh Portable Power Station + Choose Custom Solar Panel Bundle Option | 5-Year Warranty | Complete Solar Kit - Double Kit [2 x 200W Rigid Panel]",https://offgridempire.com/kits/ecoflow-ecoflow-delta-double-kit-2-x-200w-rigid-panel,1003,0,1003,71,0.98,,0,1024,800,48,LiFePO4,Shop Solar Kits,998.12,1139,68,2026-06-21
ecoflow-ecoflow-delta-gray-delta-3-max-main-unit-only,EcoFlow,"EcoFlow DELTA 3 Max – 2,048Wh / 2,400W Portable Power Station + Choose Custom Solar Panel Bundle Option | 5-Year Warranty | Complete Solar Kit - Gray / DELTA 3 MAX [Main Unit Only]",https://offgridempire.com/kits/ecoflow-ecoflow-delta-gray-delta-3-max-main-unit-only,789,0,789,71,0.39,,0,2048,2400,48,LiFePO4,Shop Solar Kits,789,899,68,2026-06-21
ecoflow-ecoflow-delta-gray-nomad-kit-2-x-200w-folding-solar-pa,EcoFlow,"EcoFlow DELTA 3 Max – 2,048Wh / 2,400W Portable Power Station + Choose Custom Solar Panel Bundle Option | 5-Year Warranty | Complete Solar Kit - Gray / Nomad Kit [2 x 200W Folding Solar Panel]",https://offgridempire.com/kits/ecoflow-ecoflow-delta-gray-nomad-kit-2-x-200w-folding-solar-pa,1349,0,1349,71,0.66,,0,2048,2400,48,LiFePO4,Shop Solar Kits,1348.75,1398.75,68,2026-06-21
ecoflow-ecoflow-delta-hex-kit-6-x-200w-rigid-panels,EcoFlow,"EcoFlow DELTA PRO 3 - 4,096Wh / 4,000W Portable Power Station + Choose Custom Solar Panel Bundle Option | 5-Year Warranty | Complete Solar Kit - Hex Kit [6 x 200W Rigid Panels]",https://offgridempire.com/kits/ecoflow-ecoflow-delta-hex-kit-6-x-200w-rigid-panels,3272,0,3272,57,0.8,,0,4096,0,12,LiFePO4,Shop Solar Kits,3073.97,3271.97,65,2026-06-21
ecoflow-ecoflow-delta-nomad-kit-2-x-200w-folding-panel,EcoFlow,"EcoFlow Ecoflow DELTA 3 PLUS 1,024Wh Portable Power Station + Choose Custom Solar Panel Bundle Option | 5-Year Warranty | Complete Solar Kit - Nomad Kit [2 x 200W Folding Panel]",https://offgridempire.com/kits/ecoflow-ecoflow-delta-nomad-kit-2-x-200w-folding-panel,1192,0,1192,71,1.16,,0,1024,800,48,LiFePO4,Shop Solar Kits,859,1208.72,68,2026-06-21
ecoflow-ecoflow-delta-nomad-kit-2-x-200w-folding-panels,EcoFlow,"EcoFlow DELTA 1,800W / 1,300Wh Solar Kit / Portable Power Station + Choose Your Custom Bundle | Complete Solar Generator Kit - Nomad Kit [2 x 200W Folding Panels]",https://offgridempire.com/kits/ecoflow-ecoflow-delta-nomad-kit-2-x-200w-folding-panels,2806,0,2806,71,2.16,,0,1300,300,12,LiFePO4,Shop Solar Kits,999,3639,81,2026-06-21
ecoflow-ecoflow-delta-nomad-kit-2-x-200w-folding-solar-panel,EcoFlow,"EcoFlow DELTA 3 Ultra – 3,072Wh / 3,600W Portable Power Station + Choose Custom Solar Panel Bundle Option | 5-Year Warranty | Complete Solar Kit - Nomad Kit [2 x 200W Folding Solar Panel]",https://offgridempire.com/kits/ecoflow-ecoflow-delta-nomad-kit-2-x-200w-folding-solar-panel,1588,0,1588,57,0.52,,0,3072,0,48,LiFePO4,Shop Solar Kits,1539.23,1658.64,70,2026-06-21
ecoflow-ecoflow-delta-octo-kit-8-x-200w-rigid-panels,EcoFlow,"EcoFlow DELTA PRO 3 - 4,096Wh / 4,000W Portable Power Station + Choose Custom Solar Panel Bundle Option | 5-Year Warranty | Complete Solar Kit - Octo Kit [8 x 200W Rigid Panels]",https://offgridempire.com/kits/ecoflow-ecoflow-delta-octo-kit-8-x-200w-rigid-panels,3650,0,3650,57,0.89,,0,4096,0,12,LiFePO4,Shop Solar Kits,3451.97,3649.97,65,2026-06-21
ecoflow-ecoflow-delta-quad-kit-4-x-200w-rigid-panel,EcoFlow,"EcoFlow Ecoflow DELTA 3 PLUS 1,024Wh Portable Power Station + Choose Custom Solar Panel Bundle Option | 5-Year Warranty | Complete Solar Kit - Quad Kit [4 x 200W Rigid Panel]",https://offgridempire.com/kits/ecoflow-ecoflow-delta-quad-kit-4-x-200w-rigid-panel,1395,0,1395,71,1.36,,0,1024,800,48,LiFePO4,Shop Solar Kits,809,1404.94,68,2026-06-21
ecoflow-ecoflow-delta-quad-kit-4-x-200w-rigid-panels,EcoFlow,"EcoFlow DELTA PRO 3 - 4,096Wh / 4,000W Portable Power Station + Choose Custom Solar Panel Bundle Option | 5-Year Warranty | Complete Solar Kit - Quad Kit [4 x 200W Rigid Panels]",https://offgridempire.com/kits/ecoflow-ecoflow-delta-quad-kit-4-x-200w-rigid-panels,2952,0,2952,57,0.72,,0,4096,0,12,LiFePO4,Shop Solar Kits,2688.97,4089,69,2026-06-21
ecoflow-ecoflow-delta-quad-kit-4-x-200w-rigid-solar-panel,EcoFlow,"EcoFlow DELTA 3 Ultra – 3,072Wh / 3,600W Portable Power Station + Choose Custom Solar Panel Bundle Option | 5-Year Warranty | Complete Solar Kit - Quad Kit [4 x 200W Rigid Solar Panel]",https://offgridempire.com/kits/ecoflow-ecoflow-delta-quad-kit-4-x-200w-rigid-solar-panel,1833,0,1833,57,0.6,,0,3072,0,48,LiFePO4,Shop Solar Kits,1767.91,1907.62,70,2026-06-21
ecoflow-ecoflow-river-basecamp-kit-1-x-100w-folding-panel,EcoFlow,EcoFlow RIVER 3 300W / 245Wh Portable Power Station + Choose Custom Solar Panel Bundle Option | 2-Year Warranty | Complete Solar Kit - Basecamp Kit [1 x 100W Folding Panel],https://offgridempire.com/kits/ecoflow-ecoflow-river-basecamp-kit-1-x-100w-folding-panel,660,0,660,57,2.69,,0,245,0,48,LiFePO4,Shop Solar Kits,629,679,67,2026-06-21
ecoflow-ecoflow-river-eclipse-kit-1-x-100w-rigid-panel,EcoFlow,EcoFlow RIVER 3 300W / 245Wh Portable Power Station + Choose Custom Solar Panel Bundle Option | 2-Year Warranty | Complete Solar Kit - Eclipse Kit [1 x 100W Rigid Panel],https://offgridempire.com/kits/ecoflow-ecoflow-river-eclipse-kit-1-x-100w-rigid-panel,343,0,343,57,1.4,,0,245,0,48,LiFePO4,Shop Solar Kits,309,342.94,67,2026-06-21
ecoflow-ecoflow-river-nomad-kit-1-x-100w-folding-panel,EcoFlow,EcoFlow RIVER 3 300W / 245Wh Portable Power Station + Choose Custom Solar Panel Bundle Option | 2-Year Warranty | Complete Solar Kit - Nomad Kit [1 x 100W Folding Panel],https://offgridempire.com/kits/ecoflow-ecoflow-river-nomad-kit-1-x-100w-folding-panel,392,0,392,57,1.6,,0,245,0,48,LiFePO4,Shop Solar Kits,359,391.73,67,2026-06-21
ecoflow-ecoflow-river-river-3-main-unit-only,EcoFlow,EcoFlow RIVER 3 300W / 245Wh Portable Power Station + Choose Custom Solar Panel Bundle Option | 2-Year Warranty | Complete Solar Kit - River 3 [Main Unit Only],https://offgridempire.com/kits/ecoflow-ecoflow-river-river-3-main-unit-only,209,0,209,57,0.85,,0,245,0,48,LiFePO4,Shop Solar Kits,199,239,67,2026-06-21
ecoflow-max-ecoflow-river-2-max-main-unit-only,EcoFlow,EcoFlow RIVER 2 [MAX] 512Wh / 500W Portable Power Station + Choose Your Custom Bundle | Complete Solar Kit - EcoFlow River 2 Max [Main Unit Only],https://offgridempire.com/kits/ecoflow-max-ecoflow-river-2-max-main-unit-only,269,0,269,71,0.53,,0,512,600,12,LiFePO4,Shop Solar Kits,269,269,65,2026-06-21
ecoflow-pro-ecoflow-river-2-pro-main-unit-only,EcoFlow,EcoFlow RIVER 2 [PRO] 768Wh / 800W Portable Power Station + Choose Your Custom Bundle | Complete Solar Kit - EcoFlow River 2 Pro [Main Unit Only],https://offgridempire.com/kits/ecoflow-pro-ecoflow-river-2-pro-main-unit-only,349,0,349,71,0.45,,0,768,800,24,LiFePO4,Shop Solar Kits,339,349,65,2026-06-21
ecoflow-river2pro-160w,EcoFlow,EcoFlow RIVER 2 Pro 768Wh + 160W Solar Panel,https://offgridempire.com/kits/ecoflow-river2pro-160w,449,0,449,86,0.58,2.81,160,768,800,48,LiFePO4,EcoFlow US,439,899,231,2026-05-14
edge-23.8kw-complete-solar-eg4-indoor-wallmount-64-kwh,EDGE,EDGE 23.8kW Complete Solar Kit - 3 x Sol-Ark 15K Inverters - 61-64kWh Lithium Battery - EDGE PLUS - EG4 INDOOR WALLMOUNT | 64 kWh,https://offgridempire.com/kits/edge-23.8kw-complete-solar-eg4-indoor-wallmount-64-kwh,43379,0,43379,86,0.68,1.83,23760,64000,36000,48,LiFePO4,Shop Solar Kits,43379.27,48879.27,65,2026-06-21
edge-23.8kw-complete-solar-eg4-ll-s-61-44-kwh,EDGE,EDGE 23.8kW Complete Solar Kit - 3 x Sol-Ark 15K Inverters - 61-64kWh Lithium Battery - EDGE PLUS - EG4 LL-S | 61.44 kWh,https://offgridempire.com/kits/edge-23.8kw-complete-solar-eg4-ll-s-61-44-kwh,44279,0,44279,86,0.72,1.86,23760,61440,36000,48,LiFePO4,Shop Solar Kits,44279.27,50921.79,65,2026-06-21
edge-23.8kw-complete-solar-renon-xcellent-plus-64-kwh,EDGE,EDGE 23.8kW Complete Solar Kit - 3 x Sol-Ark 15K Inverters - 61-64kWh Lithium Battery - EDGE PLUS - RENON XCELLENT PLUS | 64 kWh,https://offgridempire.com/kits/edge-23.8kw-complete-solar-renon-xcellent-plus-64-kwh,46121,0,46121,86,0.72,1.94,23760,64000,36000,48,LiFePO4,Shop Solar Kits,46121.27,46121.27,65,2026-06-21
edge-23.8kw-complete-solar-renon-xtreme-lv-61-44-kwh,EDGE,EDGE 23.8kW Complete Solar Kit - 3 x Sol-Ark 15K Inverters - 61-64kWh Lithium Battery - EDGE PLUS - RENON XTREME LV | 61.44 kWh,https://offgridempire.com/kits/edge-23.8kw-complete-solar-renon-xtreme-lv-61-44-kwh,48891,0,48891,86,0.8,2.06,23760,61440,36000,48,LiFePO4,Shop Solar Kits,48890.79,48890.79,65,2026-06-21
edge-31.7kw-complete-solar-eg4-indoor-wallmount-96-kwh,EDGE,EDGE 31.7kW Complete Solar Kit - 3 x Sol-Ark 18K Inverters - 92-96kWh Lithium Battery - EDGE MAX - EG4 INDOOR WALLMOUNT | 96 kWh,https://offgridempire.com/kits/edge-31.7kw-complete-solar-eg4-indoor-wallmount-96-kwh,58864,0,58864,86,0.61,1.86,31680,96000,54000,48,LiFePO4,Shop Solar Kits,58863.92,63663.92,65,2026-06-21
edge-31.7kw-complete-solar-eg4-ll-s-92-16-kwh,EDGE,EDGE 31.7kW Complete Solar Kit - 3 x Sol-Ark 18K Inverters - 92-96kWh Lithium Battery - EDGE MAX - EG4 LL-S | 92.16 kWh,https://offgridempire.com/kits/edge-31.7kw-complete-solar-eg4-ll-s-92-16-kwh,64830,0,64830,86,0.7,2.05,31680,92160,54000,48,LiFePO4,Shop Solar Kits,64829.71,67329.71,65,2026-06-21
edge-31.7kw-complete-solar-renon-xcellent-plus-96-kwh,EDGE,EDGE 31.7kW Complete Solar Kit - 3 x Sol-Ark 18K Inverters - 92-96kWh Lithium Battery - EDGE MAX - RENON XCELLENT PLUS | 96 kWh,https://offgridempire.com/kits/edge-31.7kw-complete-solar-renon-xcellent-plus-96-kwh,61129,0,61129,86,0.64,1.93,31680,96000,54000,48,LiFePO4,Shop Solar Kits,61129.22,61129.22,65,2026-06-21
edge-31.7kw-complete-solar-renon-xtreme-lv-92-16-kwh,EDGE,EDGE 31.7kW Complete Solar Kit - 3 x Sol-Ark 18K Inverters - 92-96kWh Lithium Battery - EDGE MAX - RENON XTREME LV | 92.16 kWh,https://offgridempire.com/kits/edge-31.7kw-complete-solar-renon-xtreme-lv-92-16-kwh,67846,0,67846,86,0.74,2.14,31680,92160,54000,48,LiFePO4,Shop Solar Kits,67845.72,67845.72,65,2026-06-21
edge-63.4kw-edge-pro-eg4-indoor-wallmount-128-kwh,EDGE,EDGE 63.4kW Complete Solar Kit - 6 x Sol-Ark 18K Inverters - 122-128kWh Lithium Battery [EDGE PRO] - EG4 INDOOR WALLMOUNT | 128 kWh,https://offgridempire.com/kits/edge-63.4kw-edge-pro-eg4-indoor-wallmount-128-kwh,104650,0,104650,86,0.82,1.65,63360,128000,108000,48,LiFePO4,Shop Solar Kits,104649.58,104649.58,65,2026-06-21
edge-63.4kw-edge-pro-eg4-ll-s-122-88-kwh,EDGE,EDGE 63.4kW Complete Solar Kit - 6 x Sol-Ark 18K Inverters - 122-128kWh Lithium Battery [EDGE PRO] - EG4 LL-S | 122.88 kWh,https://offgridempire.com/kits/edge-63.4kw-edge-pro-eg4-ll-s-122-88-kwh,114732,0,114732,86,0.93,1.81,63360,122880,108000,48,LiFePO4,Shop Solar Kits,114731.97,114731.97,65,2026-06-21
edge-63.4kw-edge-pro-renon-xcellent-plus-128-kwh,EDGE,EDGE 63.4kW Complete Solar Kit - 6 x Sol-Ark 18K Inverters - 122-128kWh Lithium Battery [EDGE PRO] - RENON XCELLENT PLUS | 128 kWh,https://offgridempire.com/kits/edge-63.4kw-edge-pro-renon-xcellent-plus-128-kwh,103138,0,103138,86,0.81,1.63,63360,128000,108000,48,LiFePO4,Shop Solar Kits,103137.98,103137.98,65,2026-06-21
edge-63.4kw-edge-pro-renon-xtreme-lv-122-88-kwh,EDGE,EDGE 63.4kW Complete Solar Kit - 6 x Sol-Ark 18K Inverters - 122-128kWh Lithium Battery [EDGE PRO] - RENON XTREME LV | 122.88 kWh,https://offgridempire.com/kits/edge-63.4kw-edge-pro-renon-xtreme-lv-122-88-kwh,111688,0,111688,86,0.91,1.76,63360,122880,108000,48,LiFePO4,Shop Solar Kits,111688.27,111688.27,65,2026-06-21
elite-15.8kw-elite-max-discover-helios-32-2kwh-code-compliant-p,ELITE,ELITE 15.8kW Complete Solar Kit - Sol-Ark 15K Inverter - 28-32kWh Lithium Battery [ELITE MAX] - DISCOVER HELIOS - 32.2kWh - Code Compliant - Premium - Closed Loop / I’ll Handle My Own Racking,https://offgridempire.com/kits/elite-15.8kw-elite-max-discover-helios-32-2kwh-code-compliant-p,21989,0,21989,86,0.68,1.39,15840,32200,12000,48,LiFePO4,Shop Solar Kits,21989,23389,65,2026-06-21
elite-15.8kw-elite-max-pytes-v5-30-72kwh-code-compliant-premium,ELITE,ELITE 15.8kW Complete Solar Kit - Sol-Ark 15K Inverter - 28-32kWh Lithium Battery [ELITE MAX] - PYTES V5 - 30.72kWh - Code Compliant - Premium - Closed Loop / I’ll Handle My Own Racking,https://offgridempire.com/kits/elite-15.8kw-elite-max-pytes-v5-30-72kwh-code-compliant-premium,21489,0,21489,86,0.7,1.36,15840,30720,12000,48,LiFePO4,Shop Solar Kits,21489,22989,65,2026-06-21
elite-15.8kw-elite-max-renon-xc-plus-32kwh-code-compliant-premi,ELITE,ELITE 15.8kW Complete Solar Kit - Sol-Ark 15K Inverter - 28-32kWh Lithium Battery [ELITE MAX] - RENON XC Plus - 32kWh - Code Compliant - Premium - Closed Loop / I’ll Handle My Own Racking,https://offgridempire.com/kits/elite-15.8kw-elite-max-renon-xc-plus-32kwh-code-compliant-premi,21189,0,21189,86,0.66,1.34,15840,32000,12000,48,LiFePO4,Shop Solar Kits,21189,21989,65,2026-06-21
elite-21.1kw-elite-pro-discover-helios-32-2kwh-code-compliant-p,ELITE,ELITE 21.1kW Complete Solar Kit - Sol-Ark 18K Inverter - 28-40kWh Lithium Battery [ELITE PRO] - DISCOVER HELIOS - 32.2kWh - Code Compliant - Premium - Closed Loop / I’ll Handle My Own Racking,https://offgridempire.com/kits/elite-21.1kw-elite-pro-discover-helios-32-2kwh-code-compliant-p,25889,0,25889,86,0.8,1.29,20000,32200,20000000,48,LiFePO4,Shop Solar Kits,25489,27489,65,2026-06-21
elite-21.1kw-elite-pro-pytes-v5-server-rack-40-96kwh-code-compl,ELITE,ELITE 21.1kW Complete Solar Kit - Sol-Ark 18K Inverter - 28-40kWh Lithium Battery [ELITE PRO] - PYTES V5 Server Rack - 40.96kWh - Code Compliant - Premium - Closed Loop / I’ll Handle My Own Racking,https://offgridempire.com/kits/elite-21.1kw-elite-pro-pytes-v5-server-rack-40-96kwh-code-compl,29889,0,29889,86,0.73,1.49,20000,40960,20000000,48,LiFePO4,Shop Solar Kits,29889,29889,65,2026-06-21
elite-21.1kw-elite-pro-renon-xc-plus-32kwh-code-compliant-premi,ELITE,ELITE 21.1kW Complete Solar Kit - Sol-Ark 18K Inverter - 28-40kWh Lithium Battery [ELITE PRO] - RENON XC PLUS - 32kWh - Code Compliant - Premium - Closed Loop / I’ll Handle My Own Racking,https://offgridempire.com/kits/elite-21.1kw-elite-pro-renon-xc-plus-32kwh-code-compliant-premi,25689,0,25689,86,0.8,1.28,20000,32000,20000000,48,LiFePO4,Shop Solar Kits,25689,25689,65,2026-06-21
elite-7.92kw-elite-plus-discover-helios-32-2kwh-premium-closed-l,ELITE,ELITE 7.92kW Complete Solar Kit - Sol-Ark 15K Inverter - 20-32kWh Lithium Battery [ELITE PLUS] - DISCOVER HELIOS - 32.2kWh - Premium - Closed-Loop / I’ll Handle My Own Racking,https://offgridempire.com/kits/elite-7.92kw-elite-plus-discover-helios-32-2kwh-premium-closed-l,17989,0,17989,86,0.56,2.27,7920,32200,19500,48,LiFePO4,Shop Solar Kits,17989,18989,65,2026-06-21
elite-7.92kw-elite-plus-pytes-v5-20-48kwh-code-compliant-premium,ELITE,ELITE 7.92kW Complete Solar Kit - Sol-Ark 15K Inverter - 20-32kWh Lithium Battery [ELITE PLUS] - PYTES V5 - 20.48kWh - Code Compliant - Premium - Closed-Loop / I’ll Handle My Own Racking,https://offgridempire.com/kits/elite-7.92kw-elite-plus-pytes-v5-20-48kwh-code-compliant-premium,15489,0,15489,86,0.76,1.96,7920,20480,19500,48,LiFePO4,Shop Solar Kits,15489,15689,65,2026-06-21
elite-7.92kw-elite-plus-renon-xc-plus-32kwh-premium-closed-loop,ELITE,ELITE 7.92kW Complete Solar Kit - Sol-Ark 15K Inverter - 20-32kWh Lithium Battery [ELITE PLUS] - RENON XC Plus - 32kWh - Premium - Closed-Loop / I’ll Handle My Own Racking,https://offgridempire.com/kits/elite-7.92kw-elite-plus-renon-xc-plus-32kwh-premium-closed-loop,17389,0,17389,86,0.54,2.2,7920,32000,19500,48,LiFePO4,Shop Solar Kits,17389,17389,65,2026-06-21
ft-feiteeng-3000w-power-inverter-12v-dc-to-120v-ac-inverter,FT feiteeng,"3000W Power Inverter, 12v DC to 120v Ac Inverter, Power Inverters for Vehicles with LCD Display, 3AC Sockets and USB-C & QC 3.0 Port with Remote Control for Camping Home Truck Rv Solar System",https://offgridempire.com/kits/ft-feiteeng-3000w-power-inverter-12v-dc-to-120v-ac-inverter,110,0,110,0,,,0,0,0,12,Unknown,Amazon,102.99,149.99,45,2026-06-21
grecell-200w-portable-for-power-station-foldable-solar-charg,GRECELL,"200W Portable Solar Panel for Power Station, Foldable Solar Charger w/ 4 Kickstands, IP65 Waterproof Solar Panel Kit w/DC XT60 Anderson Aviation Output for Outdoor RV Camper Blackout",https://offgridempire.com/kits/grecell-200w-portable-for-power-station-foldable-solar-charg,200,0,200,0,,,0,0,0,12,Unknown,Amazon,149.96,199.99,45,2026-06-21
hysolis-3000w-hysolis-mps-mps-3k-hex-kit-6-x-200w-rigid-panels,Hysolis,"Hysolis MPS3K 4,500Wh / 3,000W Portable Power Station Setup + Choose Your Custom Bundle Option | Complete Solar Kit - MPS 3K Hex Kit [6 x 200W Rigid Panels]",https://offgridempire.com/kits/hysolis-3000w-hysolis-mps-mps-3k-hex-kit-6-x-200w-rigid-panels,4646,0,4646,86,1.03,1.55,3000,4500,4500,48,LiFePO4,Shop Solar Kits,2995,5199,74,2026-06-21
hysolis-3000w-hysolis-mps-mps-3k-home-integration-kit-6-x-200w-rig,Hysolis,"Hysolis MPS3K 4,500Wh / 3,000W Portable Power Station Setup + Choose Your Custom Bundle Option | Complete Solar Kit - MPS 3K Home Integration Kit [6 x 200W Rigid Panels]",https://offgridempire.com/kits/hysolis-3000w-hysolis-mps-mps-3k-home-integration-kit-6-x-200w-rig,4986,0,4986,86,1.11,1.66,3000,4500,4500,48,LiFePO4,Shop Solar Kits,2995,5489,74,2026-06-21
hysolis-3000w-hysolis-mps-mps-3k-nomad-kit-4-x-200w-folding-panels,Hysolis,"Hysolis MPS3K 4,500Wh / 3,000W Portable Power Station Setup + Choose Your Custom Bundle Option | Complete Solar Kit - MPS 3K Nomad Kit [4 x 200W Folding Panels]",https://offgridempire.com/kits/hysolis-3000w-hysolis-mps-mps-3k-nomad-kit-4-x-200w-folding-panels,4648,0,4648,86,1.03,1.55,3000,4500,4500,48,LiFePO4,Shop Solar Kits,2995,5109,74,2026-06-21
hysolis-3000w-hysolis-mps-mps-3k-one-kw-kit-10-x-100w-rigid-panels,Hysolis,"Hysolis MPS3K 4,500Wh / 3,000W Portable Power Station Setup + Choose Your Custom Bundle Option | Complete Solar Kit - MPS 3K One KW Kit [10 x 100W Rigid Panels]",https://offgridempire.com/kits/hysolis-3000w-hysolis-mps-mps-3k-one-kw-kit-10-x-100w-rigid-panels,3687,0,3687,86,0.82,1.23,3000,4500,4500,48,LiFePO4,Shop Solar Kits,2995,4859,74,2026-06-21
hysolis-3000w-hysolis-mps-mps-3k-quad-kit-4-x-200w-rigid-panels,Hysolis,"Hysolis MPS3K 4,500Wh / 3,000W Portable Power Station Setup + Choose Your Custom Bundle Option | Complete Solar Kit - MPS 3K Quad Kit [4 x 200W Rigid Panels]",https://offgridempire.com/kits/hysolis-3000w-hysolis-mps-mps-3k-quad-kit-4-x-200w-rigid-panels,4288,0,4288,86,0.95,1.43,3000,4500,4500,48,LiFePO4,Shop Solar Kits,2995,4659,74,2026-06-21
hysolis-3000w-hysolis-mps-mps-3k-unit-only,Hysolis,"Hysolis MPS3K 4,500Wh / 3,000W Portable Power Station Setup + Choose Your Custom Bundle Option | Complete Solar Kit - MPS 3K [Unit Only]",https://offgridempire.com/kits/hysolis-3000w-hysolis-mps-mps-3k-unit-only,3595,0,3595,86,0.8,1.2,3000,4500,4500,48,LiFePO4,Shop Solar Kits,2995,3595,74,2026-06-21
jackery-1000plus-2x100w,Jackery,"Jackery 1000 Plus + 2x SolarSaga 100W, 1264Wh Expandable",https://offgridempire.com/kits/jackery-1000plus-2x100w,1499,0,1499,100,1.19,7.5,200,1264,2000,48,LiFePO4,Jackery,899,1699,145,2026-06-21
jackery-1000v2-200w-panel,Jackery,"Jackery Solar Generator 1000 v2 + 200W Panel, 1070Wh LiFePO4",https://offgridempire.com/kits/jackery-1000v2-200w-panel,649,0,649,86,0.61,3.25,200,1070,1500,48,LiFePO4,Amazon,551,1490,183,2026-06-21
jackery-1500-4x100w,Jackery,Jackery Explorer 1500 + 4x SolarSaga 100W Panels,https://offgridempire.com/kits/jackery-1500-4x100w,999,0,999,0,0.65,2.5,400,1534,1800,48,Li-ion,Jackery,899,2899,127,2026-06-21
jackery-2000plus-4085wh-2x200w,Jackery,Jackery 2000 Plus + PackPlus E2000 Battery + 2x 200W Panels (4085Wh),https://offgridempire.com/kits/jackery-2000plus-4085wh-2x200w,1979,0,1979,86,0.48,4.95,400,4085,3000,48,LiFePO4,Jackery,1979,4999,197,2026-06-21
lion-energy-100w-lion-energy-0-solar-panels-0-emp-bags-0-led-light-st,Lion Energy,"Lion Energy Safari 3,000W / 1,612wH Portable Power Station + Choose Your Custom Bundle | Solar Generator Kit - 0 Solar panels / 0 EMP Bags / 0 LED light strings",https://offgridempire.com/kits/lion-energy-100w-lion-energy-0-solar-panels-0-emp-bags-0-led-light-st,1699,0,1699,71,1.05,16.99,100,1612,0,24,LiFePO4,Shop Solar Kits,1499,2998,72,2026-06-21
lion-energy-100w-lion-energy-0-solar-panels-0-emp-bags-1-led-light-st,Lion Energy,"Lion Energy Safari 3,000W / 1,612wH Portable Power Station + Choose Your Custom Bundle | Solar Generator Kit - 0 Solar panels / 0 EMP Bags / 1 LED light string",https://offgridempire.com/kits/lion-energy-100w-lion-energy-0-solar-panels-0-emp-bags-1-led-light-st,1738,0,1738,71,1.08,17.38,100,1612,0,24,LiFePO4,Shop Solar Kits,1538,3037,72,2026-06-21
lion-energy-100w-lion-energy-0-solar-panels-1-emp-bag-0-led-light-str,Lion Energy,"Lion Energy Safari 3,000W / 1,612wH Portable Power Station + Choose Your Custom Bundle | Solar Generator Kit - 0 Solar panels / 1 EMP Bag / 0 LED light strings",https://offgridempire.com/kits/lion-energy-100w-lion-energy-0-solar-panels-1-emp-bag-0-led-light-str,1998,0,1998,71,1.24,19.98,100,1612,0,24,LiFePO4,Shop Solar Kits,1698,3297,72,2026-06-21
lion-energy-100w-lion-energy-0-solar-panels-1-emp-bag-1-led-light-str,Lion Energy,"Lion Energy Safari 3,000W / 1,612wH Portable Power Station + Choose Your Custom Bundle | Solar Generator Kit - 0 Solar panels / 1 EMP Bag / 1 LED light string",https://offgridempire.com/kits/lion-energy-100w-lion-energy-0-solar-panels-1-emp-bag-1-led-light-str,2037,0,2037,71,1.26,20.37,100,1612,0,24,LiFePO4,Shop Solar Kits,1737,3336,72,2026-06-21
lion-energy-100w-lion-energy-1-solar-panel-0-emp-bags-0-led-light-str,Lion Energy,"Lion Energy Safari 3,000W / 1,612wH Portable Power Station + Choose Your Custom Bundle | Solar Generator Kit - 1 Solar panel / 0 EMP Bags / 0 LED light strings",https://offgridempire.com/kits/lion-energy-100w-lion-energy-1-solar-panel-0-emp-bags-0-led-light-str,1927,0,1927,71,1.2,19.27,100,1612,0,24,LiFePO4,Shop Solar Kits,1777,1927,69,2026-06-21
lion-energy-100w-lion-energy-1-solar-panel-0-emp-bags-1-led-light-str,Lion Energy,"Lion Energy Safari 3,000W / 1,612wH Portable Power Station + Choose Your Custom Bundle | Solar Generator Kit - 1 Solar panel / 0 EMP Bags / 1 LED light string",https://offgridempire.com/kits/lion-energy-100w-lion-energy-1-solar-panel-0-emp-bags-1-led-light-str,1966,0,1966,71,1.22,19.66,100,1612,0,24,LiFePO4,Shop Solar Kits,1816,1966,69,2026-06-21
lion-energy-100w-lion-energy-1-solar-panel-1-emp-bag-0-led-light-stri,Lion Energy,"Lion Energy Safari 3,000W / 1,612wH Portable Power Station + Choose Your Custom Bundle | Solar Generator Kit - 1 Solar panel / 1 EMP Bag / 0 LED light strings",https://offgridempire.com/kits/lion-energy-100w-lion-energy-1-solar-panel-1-emp-bag-0-led-light-stri,2226,0,2226,71,1.38,22.26,100,1612,0,24,LiFePO4,Shop Solar Kits,1926,2226,69,2026-06-21
lion-energy-100w-lion-energy-1-solar-panel-1-emp-bag-1-led-light-stri,Lion Energy,"Lion Energy Safari 3,000W / 1,612wH Portable Power Station + Choose Your Custom Bundle | Solar Generator Kit - 1 Solar panel / 1 EMP Bag / 1 LED light string",https://offgridempire.com/kits/lion-energy-100w-lion-energy-1-solar-panel-1-emp-bag-1-led-light-stri,2265,0,2265,71,1.41,22.65,100,1612,0,24,LiFePO4,Shop Solar Kits,1965,2265,69,2026-06-21
lion-energy-100w-lion-energy-1-solar-panels-0-emp-bags-0-led-light-st,Lion Energy,Lion Energy Safari XP Portable Power Station Bundle | Solar Generator Kit + Panels + EMP Bag - 1 Solar panels / 0 EMP Bags / 0 LED light strings,https://offgridempire.com/kits/lion-energy-100w-lion-energy-1-solar-panels-0-emp-bags-0-led-light-st,3226,0,3226,71,0.75,32.26,100,4300,0,24,LiFePO4,Shop Solar Kits,3226,3226,69,2026-06-21
lion-energy-100w-lion-energy-1-solar-panels-0-emp-bags-1-led-light-st,Lion Energy,Lion Energy Safari XP Portable Power Station Bundle | Solar Generator Kit + Panels + EMP Bag - 1 Solar panels / 0 EMP Bags / 1 LED light string,https://offgridempire.com/kits/lion-energy-100w-lion-energy-1-solar-panels-0-emp-bags-1-led-light-st,3265,0,3265,71,0.76,32.65,100,4300,0,24,LiFePO4,Shop Solar Kits,3265,3265,69,2026-06-21
lion-energy-100w-lion-energy-1-solar-panels-1-emp-bag-0-led-light-str,Lion Energy,Lion Energy Safari XP Portable Power Station Bundle | Solar Generator Kit + Panels + EMP Bag - 1 Solar panels / 1 EMP Bag / 0 LED light strings,https://offgridempire.com/kits/lion-energy-100w-lion-energy-1-solar-panels-1-emp-bag-0-led-light-str,3525,0,3525,71,0.82,35.25,100,4300,0,24,LiFePO4,Shop Solar Kits,3525,3525,69,2026-06-21
lion-energy-100w-lion-energy-1-solar-panels-1-emp-bag-1-led-light-str,Lion Energy,Lion Energy Safari XP Portable Power Station Bundle | Solar Generator Kit + Panels + EMP Bag - 1 Solar panels / 1 EMP Bag / 1 LED light string,https://offgridempire.com/kits/lion-energy-100w-lion-energy-1-solar-panels-1-emp-bag-1-led-light-str,3564,0,3564,71,0.83,35.64,100,4300,0,24,LiFePO4,Shop Solar Kits,3564,3564,69,2026-06-21
lion-energy-100w-lion-energy-2-solar-panels-0-emp-bags-0-led-light-st,Lion Energy,"Lion Energy Safari 3,000W / 1,612wH Portable Power Station + Choose Your Custom Bundle | Solar Generator Kit - 2 Solar panels / 0 EMP Bags / 0 LED light strings",https://offgridempire.com/kits/lion-energy-100w-lion-energy-2-solar-panels-0-emp-bags-0-led-light-st,2126,0,2126,71,1.32,21.26,100,1612,0,24,LiFePO4,Shop Solar Kits,1926,3425,72,2026-06-21
lion-energy-100w-lion-energy-2-solar-panels-0-emp-bags-1-led-light-st,Lion Energy,"Lion Energy Safari 3,000W / 1,612wH Portable Power Station + Choose Your Custom Bundle | Solar Generator Kit - 2 Solar panels / 0 EMP Bags / 1 LED light string",https://offgridempire.com/kits/lion-energy-100w-lion-energy-2-solar-panels-0-emp-bags-1-led-light-st,2165,0,2165,71,1.34,21.65,100,1612,0,24,LiFePO4,Shop Solar Kits,1965,3464,72,2026-06-21
lion-energy-100w-lion-energy-2-solar-panels-1-emp-bag-0-led-light-str,Lion Energy,"Lion Energy Safari 3,000W / 1,612wH Portable Power Station + Choose Your Custom Bundle | Solar Generator Kit - 2 Solar panels / 1 EMP Bag / 0 LED light strings",https://offgridempire.com/kits/lion-energy-100w-lion-energy-2-solar-panels-1-emp-bag-0-led-light-str,2425,0,2425,71,1.5,24.25,100,1612,0,24,LiFePO4,Shop Solar Kits,2125,3724,72,2026-06-21
lion-energy-100w-lion-energy-2-solar-panels-1-emp-bag-1-led-light-str,Lion Energy,"Lion Energy Safari 3,000W / 1,612wH Portable Power Station + Choose Your Custom Bundle | Solar Generator Kit - 2 Solar panels / 1 EMP Bag / 1 LED light string",https://offgridempire.com/kits/lion-energy-100w-lion-energy-2-solar-panels-1-emp-bag-1-led-light-str,2464,0,2464,71,1.53,24.64,100,1612,0,24,LiFePO4,Shop Solar Kits,2164,3763,72,2026-06-21
lion-energy-100w-lion-energy-3-solar-panels-0-emp-bags-0-led-light-st,Lion Energy,"Lion Energy Safari 3,000W / 1,612wH Portable Power Station + Choose Your Custom Bundle | Solar Generator Kit - 3 Solar panels / 0 EMP Bags / 0 LED light strings",https://offgridempire.com/kits/lion-energy-100w-lion-energy-3-solar-panels-0-emp-bags-0-led-light-st,2325,0,2325,71,1.44,23.25,100,1612,0,24,LiFePO4,Shop Solar Kits,2125,3624,72,2026-06-21
lion-energy-100w-lion-energy-3-solar-panels-0-emp-bags-1-led-light-st,Lion Energy,"Lion Energy Safari 3,000W / 1,612wH Portable Power Station + Choose Your Custom Bundle | Solar Generator Kit - 3 Solar panels / 0 EMP Bags / 1 LED light string",https://offgridempire.com/kits/lion-energy-100w-lion-energy-3-solar-panels-0-emp-bags-1-led-light-st,2364,0,2364,71,1.47,23.64,100,1612,0,24,LiFePO4,Shop Solar Kits,2164,3663,72,2026-06-21
lion-energy-100w-lion-energy-3-solar-panels-1-emp-bag-0-led-light-str,Lion Energy,"Lion Energy Safari 3,000W / 1,612wH Portable Power Station + Choose Your Custom Bundle | Solar Generator Kit - 3 Solar panels / 1 EMP Bag / 0 LED light strings",https://offgridempire.com/kits/lion-energy-100w-lion-energy-3-solar-panels-1-emp-bag-0-led-light-str,2624,0,2624,71,1.63,26.24,100,1612,0,24,LiFePO4,Shop Solar Kits,2324,3923,72,2026-06-21
lion-energy-100w-lion-energy-3-solar-panels-1-emp-bag-1-led-light-str,Lion Energy,"Lion Energy Safari 3,000W / 1,612wH Portable Power Station + Choose Your Custom Bundle | Solar Generator Kit - 3 Solar panels / 1 EMP Bag / 1 LED light string",https://offgridempire.com/kits/lion-energy-100w-lion-energy-3-solar-panels-1-emp-bag-1-led-light-str,2663,0,2663,71,1.65,26.63,100,1612,0,24,LiFePO4,Shop Solar Kits,2363,3962,72,2026-06-21
lion-energy-100w-lion-energy-4-solar-panels-0-emp-bags-0-led-light-st,Lion Energy,"Lion Energy Safari 3,000W / 1,612wH Portable Power Station + Choose Your Custom Bundle | Solar Generator Kit - 4 Solar panels / 0 EMP Bags / 0 LED light strings",https://offgridempire.com/kits/lion-energy-100w-lion-energy-4-solar-panels-0-emp-bags-0-led-light-st,2524,0,2524,71,1.57,25.24,100,1612,0,24,LiFePO4,Shop Solar Kits,2324,3823,72,2026-06-21
lion-energy-100w-lion-energy-4-solar-panels-0-emp-bags-1-led-light-st,Lion Energy,"Lion Energy Safari 3,000W / 1,612wH Portable Power Station + Choose Your Custom Bundle | Solar Generator Kit - 4 Solar panels / 0 EMP Bags / 1 LED light string",https://offgridempire.com/kits/lion-energy-100w-lion-energy-4-solar-panels-0-emp-bags-1-led-light-st,2563,0,2563,71,1.59,25.63,100,1612,0,24,LiFePO4,Shop Solar Kits,2363,3862,72,2026-06-21
lion-energy-100w-lion-energy-4-solar-panels-1-emp-bag-0-led-light-str,Lion Energy,"Lion Energy Safari 3,000W / 1,612wH Portable Power Station + Choose Your Custom Bundle | Solar Generator Kit - 4 Solar panels / 1 EMP Bag / 0 LED light strings",https://offgridempire.com/kits/lion-energy-100w-lion-energy-4-solar-panels-1-emp-bag-0-led-light-str,2823,0,2823,71,1.75,28.23,100,1612,0,24,LiFePO4,Shop Solar Kits,2523,4122,72,2026-06-21
lion-energy-100w-lion-energy-4-solar-panels-1-emp-bag-1-led-light-str,Lion Energy,"Lion Energy Safari 3,000W / 1,612wH Portable Power Station + Choose Your Custom Bundle | Solar Generator Kit - 4 Solar panels / 1 EMP Bag / 1 LED light string",https://offgridempire.com/kits/lion-energy-100w-lion-energy-4-solar-panels-1-emp-bag-1-led-light-str,2862,0,2862,71,1.78,28.62,100,1612,0,24,LiFePO4,Shop Solar Kits,2562,4161,72,2026-06-21
lion-energy-100w-lion-energy-5-solar-panels-0-emp-bags-0-led-light-st,Lion Energy,"Lion Energy Safari 3,000W / 1,612wH Portable Power Station + Choose Your Custom Bundle | Solar Generator Kit - 5 Solar panels / 0 EMP Bags / 0 LED light strings",https://offgridempire.com/kits/lion-energy-100w-lion-energy-5-solar-panels-0-emp-bags-0-led-light-st,2723,0,2723,71,1.69,27.23,100,1612,0,24,LiFePO4,Shop Solar Kits,2523,4022,72,2026-06-21
lion-energy-100w-lion-energy-5-solar-panels-0-emp-bags-1-led-light-st,Lion Energy,"Lion Energy Safari 3,000W / 1,612wH Portable Power Station + Choose Your Custom Bundle | Solar Generator Kit - 5 Solar panels / 0 EMP Bags / 1 LED light string",https://offgridempire.com/kits/lion-energy-100w-lion-energy-5-solar-panels-0-emp-bags-1-led-light-st,2762,0,2762,71,1.71,27.62,100,1612,0,24,LiFePO4,Shop Solar Kits,2523,4061,72,2026-06-21
lion-energy-100w-lion-energy-5-solar-panels-1-emp-bag-0-led-light-str,Lion Energy,"Lion Energy Safari 3,000W / 1,612wH Portable Power Station + Choose Your Custom Bundle | Solar Generator Kit - 5 Solar panels / 1 EMP Bag / 0 LED light strings",https://offgridempire.com/kits/lion-energy-100w-lion-energy-5-solar-panels-1-emp-bag-0-led-light-str,3022,0,3022,71,1.87,30.22,100,1612,0,24,LiFePO4,Shop Solar Kits,2722,4321,72,2026-06-21
lion-energy-100w-lion-energy-5-solar-panels-1-emp-bag-1-led-light-str,Lion Energy,"Lion Energy Safari 3,000W / 1,612wH Portable Power Station + Choose Your Custom Bundle | Solar Generator Kit - 5 Solar panels / 1 EMP Bag / 1 LED light string",https://offgridempire.com/kits/lion-energy-100w-lion-energy-5-solar-panels-1-emp-bag-1-led-light-str,3061,0,3061,71,1.9,30.61,100,1612,0,24,LiFePO4,Shop Solar Kits,2761,4360,72,2026-06-21
lion-energy-100w-lion-energy-6-solar-panels-0-emp-bags-0-led-light-st,Lion Energy,"Lion Energy Safari 3,000W / 1,612wH Portable Power Station + Choose Your Custom Bundle | Solar Generator Kit - 6 Solar panels / 0 EMP Bags / 0 LED light strings",https://offgridempire.com/kits/lion-energy-100w-lion-energy-6-solar-panels-0-emp-bags-0-led-light-st,2922,0,2922,71,1.81,29.22,100,1612,0,24,LiFePO4,Shop Solar Kits,2722,4221,72,2026-06-21
lion-energy-100w-lion-energy-6-solar-panels-0-emp-bags-1-led-light-st,Lion Energy,"Lion Energy Safari 3,000W / 1,612wH Portable Power Station + Choose Your Custom Bundle | Solar Generator Kit - 6 Solar panels / 0 EMP Bags / 1 LED light string",https://offgridempire.com/kits/lion-energy-100w-lion-energy-6-solar-panels-0-emp-bags-1-led-light-st,2961,0,2961,71,1.84,29.61,100,1612,0,24,LiFePO4,Shop Solar Kits,2761,4260,72,2026-06-21
lion-energy-100w-lion-energy-6-solar-panels-1-emp-bag-0-led-light-str,Lion Energy,"Lion Energy Safari 3,000W / 1,612wH Portable Power Station + Choose Your Custom Bundle | Solar Generator Kit - 6 Solar panels / 1 EMP Bag / 0 LED light strings",https://offgridempire.com/kits/lion-energy-100w-lion-energy-6-solar-panels-1-emp-bag-0-led-light-str,3221,0,3221,71,2,32.21,100,1612,0,24,LiFePO4,Shop Solar Kits,2921,4520,72,2026-06-21
lion-energy-100w-lion-energy-6-solar-panels-1-emp-bag-1-led-light-str,Lion Energy,"Lion Energy Safari 3,000W / 1,612wH Portable Power Station + Choose Your Custom Bundle | Solar Generator Kit - 6 Solar panels / 1 EMP Bag / 1 LED light string",https://offgridempire.com/kits/lion-energy-100w-lion-energy-6-solar-panels-1-emp-bag-1-led-light-str,3260,0,3260,71,2.02,32.6,100,1612,0,24,LiFePO4,Shop Solar Kits,2960,4559,72,2026-06-21
new-use-energy-400w-nue-suncase-suncase-2425-and-1-x-nuesolar-240w-porta,New Use Energy,"New Use Energy NUE SunCase 2425 Portable Power Station | 2,400W / 2,560Wh | IP55 Rugged Case | Solar + AC Charging | Bluetooth | Bundle Options Available | 2-Year Warranty - SunCase 2425 and 1 x NUESolar 240W Portable Solar Panel",https://offgridempire.com/kits/new-use-energy-400w-nue-suncase-suncase-2425-and-1-x-nuesolar-240w-porta,3555,0,3555,71,1.39,8.89,400,2560,0,48,LiFePO4,Shop Solar Kits,3555,3555,66,2026-06-21
new-use-energy-400w-nue-suncase-suncase-2425-and-3-x-nuesolar-120w-porta,New Use Energy,"New Use Energy NUE SunCase 2425 Portable Power Station | 2,400W / 2,560Wh | IP55 Rugged Case | Solar + AC Charging | Bluetooth | Bundle Options Available | 2-Year Warranty - SunCase 2425 and 3 x NUESolar 120W Portable Solar Panel",https://offgridempire.com/kits/new-use-energy-400w-nue-suncase-suncase-2425-and-3-x-nuesolar-120w-porta,3950,0,3950,71,1.54,9.88,400,2560,0,48,LiFePO4,Shop Solar Kits,3950,3950,66,2026-06-21
new-use-energy-400w-nue-suncase-suncase-2425-and-3-x-nuesolar-240w-porta,New Use Energy,"New Use Energy NUE SunCase 2425 Portable Power Station | 2,400W / 2,560Wh | IP55 Rugged Case | Solar + AC Charging | Bluetooth | Bundle Options Available | 2-Year Warranty - SunCase 2425 and 3 x NUESolar 240W Portable Solar Panel",https://offgridempire.com/kits/new-use-energy-400w-nue-suncase-suncase-2425-and-3-x-nuesolar-240w-porta,4700,0,4700,71,1.84,11.75,400,2560,0,48,LiFePO4,Shop Solar Kits,4700,4700,66,2026-06-21
new-use-energy-400w-nue-suncase-suncase-2425-unit-only,New Use Energy,"New Use Energy NUE SunCase 2425 Portable Power Station | 2,400W / 2,560Wh | IP55 Rugged Case | Solar + AC Charging | Bluetooth | Bundle Options Available | 2-Year Warranty - SunCase 2425 [Unit Only]",https://offgridempire.com/kits/new-use-energy-400w-nue-suncase-suncase-2425-unit-only,3060,0,3060,71,1.2,7.65,400,2560,0,48,LiFePO4,Shop Solar Kits,3060,3060,66,2026-06-21
new-use-energy-400w-nue-suncase-suncase-605-and-1-x-nuesolar-120w-portab,New Use Energy,New Use Energy NUE SunCase 605 Portable Power Station | 540Wh LiFePO4 | 600W Inverter | Built-In 400W Solar Controller | Bundle Options Available | 2-Year Warranty - SunCase 605 and 1 x NUESolar 120W Portable Solar Panel,https://offgridempire.com/kits/new-use-energy-400w-nue-suncase-suncase-605-and-1-x-nuesolar-120w-portab,1160,0,1160,86,2.15,2.9,400,540,400,24,LiFePO4,Shop Solar Kits,1160,1260,66,2026-06-21
new-use-energy-400w-nue-suncase-suncase-605-and-1-x-nuesolar-240w-portab,New Use Energy,New Use Energy NUE SunCase 605 Portable Power Station | 540Wh LiFePO4 | 600W Inverter | Built-In 400W Solar Controller | Bundle Options Available | 2-Year Warranty - SunCase 605 and 1 x NUESolar 240W Portable Solar Panel,https://offgridempire.com/kits/new-use-energy-400w-nue-suncase-suncase-605-and-1-x-nuesolar-240w-portab,1120,0,1120,86,2.07,2.8,400,540,400,24,LiFePO4,Shop Solar Kits,1120,1520,66,2026-06-21
new-use-energy-400w-nue-suncase-suncase-605-main-unit-only,New Use Energy,New Use Energy NUE SunCase 605 Portable Power Station | 540Wh LiFePO4 | 600W Inverter | Built-In 400W Solar Controller | Bundle Options Available | 2-Year Warranty - SunCase 605 [Main Unit Only],https://offgridempire.com/kits/new-use-energy-400w-nue-suncase-suncase-605-main-unit-only,980,0,980,86,1.81,2.45,400,540,400,24,LiFePO4,Shop Solar Kits,980,980,66,2026-06-21
new-use-energy-5.12kw-nue-suncase-suncase-3651-and-1-x-nuesolar-240w-porta,New Use Energy,"New Use Energy NUE SunCase 3651 Portable Power Station | 3,600W Inverter & 5.12kWh LiFePO4 | 120V & 48V Output | Bundle Options w/ 240W Solar Panels | 2-Year Warranty - SunCase 3651 and 1 x NUESolar 240W Portable Solar Panel",https://offgridempire.com/kits/new-use-energy-5.12kw-nue-suncase-suncase-3651-and-1-x-nuesolar-240w-porta,5100,0,5100,86,1,21.25,240,5120,240000,48,LiFePO4,Shop Solar Kits,5100,5100,66,2026-06-21
new-use-energy-5.12kw-nue-suncase-suncase-3651-and-3-x-nuesolar-240w-porta,New Use Energy,"New Use Energy NUE SunCase 3651 Portable Power Station | 3,600W Inverter & 5.12kWh LiFePO4 | 120V & 48V Output | Bundle Options w/ 240W Solar Panels | 2-Year Warranty - SunCase 3651 and 3 x NUESolar 240W Portable Solar Panel",https://offgridempire.com/kits/new-use-energy-5.12kw-nue-suncase-suncase-3651-and-3-x-nuesolar-240w-porta,6200,0,6200,86,1.21,25.83,240,5120,240000,48,LiFePO4,Shop Solar Kits,6200,6200,66,2026-06-21
new-use-energy-5.12kw-nue-suncase-suncase-3651-main-unit-only,New Use Energy,"New Use Energy NUE SunCase 3651 Portable Power Station | 3,600W Inverter & 5.12kWh LiFePO4 | 120V & 48V Output | Bundle Options w/ 240W Solar Panels | 2-Year Warranty - SunCase 3651 [Main Unit Only]",https://offgridempire.com/kits/new-use-energy-5.12kw-nue-suncase-suncase-3651-main-unit-only,4560,0,4560,86,0.89,19,240,5120,240000,48,LiFePO4,Shop Solar Kits,4560,4560,66,2026-06-21
powlsojx-powlsojx-solar-grid-tie-micro-inverter-mppt-smart-m,POWLSOJX,POWLSOJX Solar Grid Tie Micro Inverter MPPT Smart Micro PV System 180W 500W 700W DC 18V-50V to AC Output 120V/230V Auto (180W),https://offgridempire.com/kits/powlsojx-powlsojx-solar-grid-tie-micro-inverter-mppt-smart-m,45,0,45,0,,,0,0,0,12,Unknown,Amazon,45.12,45.12,41,2026-06-17
prime-10.6kw-prime-pro-eg4-ll-s-30-72kwh-premium-closed-loop-co,PRIME,PRIME 10.6kW Complete Solar Kit - EG4 18kPV Inverter - 28-30kWh Lithium Battery [PRIME PRO] - EG4 LL-S - 30.72kWh - Premium - Closed Loop - Code Compliant / I’ll Handle My Own Racking,https://offgridempire.com/kits/prime-10.6kw-prime-pro-eg4-ll-s-30-72kwh-premium-closed-loop-co,18789,0,18789,86,0.61,1.78,10560,30720,21000,48,LiFePO4,Shop Solar Kits,18789,19989,65,2026-06-21
prime-10.6kw-prime-pro-eg4-lp4-30-7kwh-budget-friendly-closed-l,PRIME,PRIME 10.6kW Complete Solar Kit - EG4 18kPV Inverter - 28-30kWh Lithium Battery [PRIME PRO] - EG4 LP4 - 30.7kWh - Budget-Friendly - Closed Loop - Code Compliant / I’ll Handle My Own Racking,https://offgridempire.com/kits/prime-10.6kw-prime-pro-eg4-lp4-30-7kwh-budget-friendly-closed-l,18289,0,18289,86,0.6,1.73,10560,30700,21000,48,LiFePO4,Shop Solar Kits,18289,19489,65,2026-06-21
prime-10.6kw-prime-pro-eg4-wallmount-indoors-28-6kwh-budget-fri,PRIME,PRIME 10.6kW Complete Solar Kit - EG4 18kPV Inverter - 28-30kWh Lithium Battery [PRIME PRO] - EG4 WallMount Indoors - 28.6kWh - Budget-Friendly - Closed Loop - Code Compliant / I’ll Handle My Own Racking,https://offgridempire.com/kits/prime-10.6kw-prime-pro-eg4-wallmount-indoors-28-6kwh-budget-fri,16939,0,16939,86,0.59,1.6,10560,28600,21000,48,LiFePO4,Shop Solar Kits,16889,18289,65,2026-06-21
prime-4.4kw-prime-plus-alpha-5-pro-10-2kwh-budget-friendly-open,PRIME,PRIME 4.4kW Complete Solar Kit - EG4 6000XP Inverter - 10-14kWh Lithium Battery [PRIME PLUS] - ALPHA 5 PRO - 10.2kWh - Budget-Friendly - Open Loop / I’ll Handle My Own Racking,https://offgridempire.com/kits/prime-4.4kw-prime-plus-alpha-5-pro-10-2kwh-budget-friendly-open,6489,0,6489,86,0.64,1.47,4400,10200,6000,48,LiFePO4,Shop Solar Kits,5749,6489,69,2026-06-21
prime-4.4kw-prime-plus-eg4-ll-s-10-2kwh-premium-closed-loop-gro,PRIME,PRIME 4.4kW Complete Solar Kit - EG4 6000XP Inverter - 10-14kWh Lithium Battery [PRIME PLUS] - EG4 LL-S - 10.2kWh - Premium - Closed Loop / Ground Mount - Ballast - IR-30,https://offgridempire.com/kits/prime-4.4kw-prime-plus-eg4-ll-s-10-2kwh-premium-closed-loop-gro,8289,0,8289,86,0.81,1.88,4400,10200,6000,48,LiFePO4,Shop Solar Kits,7489,8889,67,2026-06-21
prime-4.4kw-prime-plus-eg4-ll-s-10-2kwh-premium-closed-loop-i-l,PRIME,PRIME 4.4kW Complete Solar Kit - EG4 6000XP Inverter - 10-14kWh Lithium Battery [PRIME PLUS] - EG4 LL-S - 10.2kWh - Premium - Closed Loop / I’ll Handle My Own Racking,https://offgridempire.com/kits/prime-4.4kw-prime-plus-eg4-ll-s-10-2kwh-premium-closed-loop-i-l,7089,0,7089,86,0.69,1.61,4400,10200,6000,48,LiFePO4,Shop Solar Kits,6389,7389,69,2026-06-21
prime-4.4kw-prime-plus-eg4-ll-s-10-2kwh-premium-closed-loop-roo,PRIME,PRIME 4.4kW Complete Solar Kit - EG4 6000XP Inverter - 10-14kWh Lithium Battery [PRIME PLUS] - EG4 LL-S - 10.2kWh - Premium - Closed Loop / Roof Rack - Standard - IronRidge,https://offgridempire.com/kits/prime-4.4kw-prime-plus-eg4-ll-s-10-2kwh-premium-closed-loop-roo,8189,0,8189,86,0.8,1.86,4400,10200,6000,48,LiFePO4,Shop Solar Kits,7339,8189,69,2026-06-21
prime-4.4kw-prime-plus-eg4-lp4-10-2kwh-budget-friendly-closed-l,PRIME,PRIME 4.4kW Complete Solar Kit - EG4 6000XP Inverter - 10-14kWh Lithium Battery [PRIME PLUS] - EG4 LP4 - 10.2kWh - Budget-Friendly - Closed Loop / I’ll Handle My Own Racking,https://offgridempire.com/kits/prime-4.4kw-prime-plus-eg4-lp4-10-2kwh-budget-friendly-closed-l,6989,0,6989,86,0.69,1.59,4400,10200,6000,48,LiFePO4,Shop Solar Kits,6139,7339,71,2026-06-21
prime-4.4kw-prime-plus-eg4-wallmount-indoor-14-3kwh-budget-frie,PRIME,PRIME 4.4kW Complete Solar Kit - EG4 6000XP Inverter - 10-14kWh Lithium Battery [PRIME PLUS] - EG4 WallMount Indoor - 14.3kWh - Budget-Friendly - Closed Loop / I’ll Handle My Own Racking,https://offgridempire.com/kits/prime-4.4kw-prime-plus-eg4-wallmount-indoor-14-3kwh-budget-frie,7309,0,7309,86,0.51,1.66,4400,14300,6000,48,LiFePO4,Shop Solar Kits,6549,7959,70,2026-06-21
prime-7.92kw-prime-max-eg4-ll-s-15-36kwh-premium-closed-loop-gr,PRIME,PRIME 7.92kW Complete Solar Kit - EG4 12000XP Inverter - 14-15kWh Lithium Battery [PRIME MAX] - EG4 LL-S - 15.36kWh - Premium - Closed Loop / Ground Mount - Seasonal Adjust - SkyRack HD,https://offgridempire.com/kits/prime-7.92kw-prime-max-eg4-ll-s-15-36kwh-premium-closed-loop-gr,15689,0,15689,86,1.02,1.98,7920,15360,12000,48,LiFePO4,Shop Solar Kits,15689,16489,65,2026-06-21
prime-7.92kw-prime-max-eg4-ll-s-15-36kwh-premium-closed-loop-i,PRIME,PRIME 7.92kW Complete Solar Kit - EG4 12000XP Inverter - 14-15kWh Lithium Battery [PRIME MAX] - EG4 LL-S - 15.36kWh - Premium - Closed Loop / I’ll Handle My Own Racking,https://offgridempire.com/kits/prime-7.92kw-prime-max-eg4-ll-s-15-36kwh-premium-closed-loop-i,10159,0,10159,86,0.66,1.28,7920,15360,12000,48,LiFePO4,Shop Solar Kits,10159,10959,65,2026-06-21
prime-7.92kw-prime-max-eg4-ll-s-15-36kwh-premium-closed-loop-ro,PRIME,PRIME 7.92kW Complete Solar Kit - EG4 12000XP Inverter - 14-15kWh Lithium Battery [PRIME MAX] - EG4 LL-S - 15.36kWh - Premium - Closed Loop / Roof Rack - Standard - IronRidge,https://offgridempire.com/kits/prime-7.92kw-prime-max-eg4-ll-s-15-36kwh-premium-closed-loop-ro,12139,0,12139,86,0.79,1.53,7920,15360,12000,48,LiFePO4,Shop Solar Kits,12139,12489,65,2026-06-21
prime-7.92kw-prime-max-eg4-lp4-15-3kwh-budget-friendly-closed-l,PRIME,PRIME 7.92kW Complete Solar Kit - EG4 12000XP Inverter - 14-15kWh Lithium Battery [PRIME MAX] - EG4 LP4 - 15.3kWh - Budget-Friendly - Closed Loop / I’ll Handle My Own Racking,https://offgridempire.com/kits/prime-7.92kw-prime-max-eg4-lp4-15-3kwh-budget-friendly-closed-l,9999,0,9999,86,0.65,1.26,7920,15300,12000,48,LiFePO4,Shop Solar Kits,9989,10889,65,2026-06-21
prime-7.92kw-prime-max-eg4-wallmount-indoor-14-3kwh-budget-frie,PRIME,PRIME 7.92kW Complete Solar Kit - EG4 12000XP Inverter - 14-15kWh Lithium Battery [PRIME MAX] - EG4 WallMount Indoor - 14.3kWh - Budget-Friendly - Closed Loop / I’ll Handle My Own Racking,https://offgridempire.com/kits/prime-7.92kw-prime-max-eg4-wallmount-indoor-14-3kwh-budget-frie,9239,0,9239,86,0.65,1.17,7920,14300,12000,48,LiFePO4,Shop Solar Kits,9239,9989,65,2026-06-21
pulsar-pulsar-inverter-generator-parallel-kit-30-amp-120v-tt,Pulsar,"Pulsar Inverter Generator Parallel Kit, 30 Amp, 120V TT-30R(RV), PGIPAIRB5",https://offgridempire.com/kits/pulsar-pulsar-inverter-generator-parallel-kit-30-amp-120v-tt,55,0,55,0,,,0,0,0,12,Unknown,Amazon,54.99,54.99,45,2026-06-21
renogy-1000w-cabin-kit,Renogy,Renogy 1000W Monocrystalline Solar Cabin Kit,https://offgridempire.com/kits/renogy-1000w-cabin-kit,4400,1448,5848,50,,5.85,1000,0,0,24,None,Renogy,2499.99,4399.99,26,2026-04-20
renogy-100w-starter-kit,Renogy,Renogy 100W 12V Solar Panel Starter Kit with 30A PWM Controller,https://offgridempire.com/kits/renogy-100w-starter-kit,160,278,438,50,,4.38,100,0,0,12,None,Renogy,159.99,169.99,88,2026-06-21
renogy-1800w-cabin-kit,Renogy,Renogy 1800W Monocrystalline Solar Cabin Kit with 6x300W Panel + Midnite MPPT,https://offgridempire.com/kits/renogy-1800w-cabin-kit,8450,3098,11548,50,,6.42,1800,0,0,24,None,Renogy,6999.99,8449.99,87,2026-06-21
renogy-200w-premium-mppt-40a,Renogy,Renogy 200W 12V Monocrystalline Solar Kit with 40A MPPT Rover Controller + Z Brackets,https://offgridempire.com/kits/renogy-200w-premium-mppt-40a,470,408,878,0,,4.39,200,0,0,12,None,Renogy,199.99,960.99,491,2026-06-21
renogy-200w-rv-kit,Renogy,Renogy 200W 12V Monocrystalline RV Solar Kit with Adventurer 30A PWM Controller,https://offgridempire.com/kits/renogy-200w-rv-kit,286,408,694,57,,3.47,200,0,0,12,None,Amazon,200.69,1039,565,2026-06-21
renogy-200w-starter-pwm,Renogy,Renogy 200W 12V Monocrystalline Solar Starter Kit with 30A PWM Controller,https://offgridempire.com/kits/renogy-200w-starter-pwm,150,408,558,0,,2.79,200,0,0,12,None,Amazon,139.99,409.99,562,2026-06-20
renogy-400w-bluetooth-kit,Renogy,Renogy 400W 12V Solar Kit with 30A Controller + Bluetooth,https://offgridempire.com/kits/renogy-400w-bluetooth-kit,450,399,849,71,,2.12,400,0,0,12,None,Amazon,348.99,605.98,70,2026-03-23
renogy-400w-complete-lifepo4,Renogy,Renogy 400W 12V Complete Solar Kit with 200Ah LiFePO4,https://offgridempire.com/kits/renogy-400w-complete-lifepo4,1899,0,1899,100,0.74,4.75,400,2560,2000,12,LiFePO4,Amazon,1899,1899,1,2026-03-23
renogy-400w-premium-mppt,Renogy,Renogy 400W 12V Premium Solar Kit with 40A MPPT,https://offgridempire.com/kits/renogy-400w-premium-mppt,495,399,894,71,,2.23,400,0,0,12,None,Amazon,428.53,1740.99,554,2026-06-21
renogy-400w-starter-mppt,Renogy,Renogy 400W 12V Solar Panel Starter Kit with 40A MPPT Controller,https://offgridempire.com/kits/renogy-400w-starter-mppt,700,408,1108,0,,2.77,400,0,0,12,None,Renogy,365.94,1687.14,571,2026-06-21
renogy-400w-starter-pwm,Renogy,Renogy 400W 12V Solar Panel Starter Kit with 30A Wanderer PWM Controller,https://offgridempire.com/kits/renogy-400w-starter-pwm,395,408,803,0,,2.01,400,0,0,12,None,Renogy,319,1456.1,595,2026-06-21
renogy-600w-premium-kit,Renogy,Renogy 600W 12V Monocrystalline Solar Premium Kit with 60A MPPT Rover + Bluetooth,https://offgridempire.com/kits/renogy-600w-premium-kit,1140,798,1938,0,,3.23,600,0,0,12,None,Renogy,933.99,3399.99,247,2026-06-21
renogy-800w-cabin-kit,Renogy,Renogy 800W 12V Solar Cabin Kit,https://offgridempire.com/kits/renogy-800w-cabin-kit,900,1051,1951,0,,2.44,800,0,0,12,None,Amazon,899.99,1899.99,180,2026-03-23
renogy-shadowflux-s-ntype-antishading-panels-for-12v24v-syst,Renogy,"Renogy ShadowFlux Solar Panels, N-Type Anti-Shading Panels for 12V/24V Systems with 25% High-Efficiency PV Modules, 200W ShadowFlux N-Type Panel",https://offgridempire.com/kits/renogy-shadowflux-s-ntype-antishading-panels-for-12v24v-syst,202,0,202,0,,,0,0,0,12,Unknown,Amazon,202.29,239.99,45,2026-06-21
rich-solar-400w-premium-kit,Rich Solar,Rich Solar 400W Premium Kit with 2x200W + 40A MPPT,https://offgridempire.com/kits/rich-solar-400w-premium-kit,650,408,1058,57,,2.65,400,0,0,12,None,Amazon,615.99,745.99,103,2026-06-21
rich-solar-800w-premium-kit,Rich Solar,Rich Solar 800W Premium Kit with 4x200W + 60A MPPT,https://offgridempire.com/kits/rich-solar-800w-premium-kit,1300,1248,2548,57,,3.19,800,0,0,24,None,Amazon,1299.99,1399.99,96,2026-06-21
select-10.6kw-select-max-eg4-ll-s-20-48kwh-premium-closed-loop-gr,SELECT,SELECT 10.6kW Complete Solar Kit - EG4 FlexBoss21 Inverter - 20-28kWh Lithium Battery [SELECT MAX] - EG4-LL-S - 20.48kWh - Premium - Closed Loop / Ground Mount - Seasonal Adjust - SkyRack HD,https://offgridempire.com/kits/select-10.6kw-select-max-eg4-ll-s-20-48kwh-premium-closed-loop-gr,21589,0,21589,86,1.05,2.04,10560,20480,16000,48,LiFePO4,Shop Solar Kits,21589,21589,65,2026-06-21
select-10.6kw-select-max-eg4-ll-s-20-48kwh-premium-closed-loop-i,SELECT,SELECT 10.6kW Complete Solar Kit - EG4 FlexBoss21 Inverter - 20-28kWh Lithium Battery [SELECT MAX] - EG4-LL-S - 20.48kWh - Premium - Closed Loop / I’ll Handle My Own Racking,https://offgridempire.com/kits/select-10.6kw-select-max-eg4-ll-s-20-48kwh-premium-closed-loop-i,15289,0,15289,86,0.75,1.45,10560,20480,16000,48,LiFePO4,Shop Solar Kits,15289,15289,65,2026-06-21
select-10.6kw-select-max-eg4-ll-s-20-48kwh-premium-closed-loop-ro,SELECT,SELECT 10.6kW Complete Solar Kit - EG4 FlexBoss21 Inverter - 20-28kWh Lithium Battery [SELECT MAX] - EG4-LL-S - 20.48kWh - Premium - Closed Loop / Roof Rack - Standard - IronRidge,https://offgridempire.com/kits/select-10.6kw-select-max-eg4-ll-s-20-48kwh-premium-closed-loop-ro,17689,0,17689,86,0.86,1.68,10560,20480,16000,48,LiFePO4,Shop Solar Kits,17689,17689,65,2026-06-21
select-10.6kw-select-max-eg4-lp4-v2-server-rack-20-48kwh-budget-f,SELECT,SELECT 10.6kW Complete Solar Kit - EG4 FlexBoss21 Inverter - 20-28kWh Lithium Battery [SELECT MAX] - EG4-LP4 V2 Server Rack - 20.48kWh - Budget-Friendly - Closed Loop / I’ll Handle My Own Racking,https://offgridempire.com/kits/select-10.6kw-select-max-eg4-lp4-v2-server-rack-20-48kwh-budget-f,14889,0,14889,86,0.73,1.41,10560,20480,16000,48,LiFePO4,Shop Solar Kits,14889,14889,65,2026-06-21
select-10.6kw-select-max-eg4-wallmount-indoor-28-6kwh-budget-frie,SELECT,SELECT 10.6kW Complete Solar Kit - EG4 FlexBoss21 Inverter - 20-28kWh Lithium Battery [SELECT MAX] - EG4 WallMount Indoor - 28.6kWh - Budget-Friendly - Closed Loop - Code Compliant / I’ll Handle My Own Racking,https://offgridempire.com/kits/select-10.6kw-select-max-eg4-wallmount-indoor-28-6kwh-budget-frie,15789,0,15789,86,0.55,1.5,10560,28600,16000,48,LiFePO4,Shop Solar Kits,15489,17289,65,2026-06-21
select-15.84kw-select-pro-eg4-ll-s-30-72kwh-premium-closed-loop-gr,SELECT,SELECT 15.84kW Complete Solar Kit - EG4 FlexBoss21 Inverter + GridBoss - 28-30kWh Lithium Battery [SELECT PRO] - EG4-LL-S - 30.72kWh - Premium - Closed Loop / Ground Mount - Seasonal Adjust - SkyRack HD,https://offgridempire.com/kits/select-15.84kw-select-pro-eg4-ll-s-30-72kwh-premium-closed-loop-gr,31989,0,31989,86,1.04,2.02,15840,30720,16000,48,LiFePO4,Shop Solar Kits,31989,31989,65,2026-06-21
select-15.84kw-select-pro-eg4-ll-s-30-72kwh-premium-closed-loop-i,SELECT,SELECT 15.84kW Complete Solar Kit - EG4 FlexBoss21 Inverter + GridBoss - 28-30kWh Lithium Battery [SELECT PRO] - EG4-LL-S - 30.72kWh - Premium - Closed Loop / I’ll Handle My Own Racking,https://offgridempire.com/kits/select-15.84kw-select-pro-eg4-ll-s-30-72kwh-premium-closed-loop-i,24689,0,24689,86,0.8,1.56,15840,30720,16000,48,LiFePO4,Shop Solar Kits,24689,24689,65,2026-06-21
select-15.84kw-select-pro-eg4-ll-s-30-72kwh-premium-closed-loop-ro,SELECT,SELECT 15.84kW Complete Solar Kit - EG4 FlexBoss21 Inverter + GridBoss - 28-30kWh Lithium Battery [SELECT PRO] - EG4-LL-S - 30.72kWh - Premium - Closed Loop / Roof Rack - Standard - IronRidge,https://offgridempire.com/kits/select-15.84kw-select-pro-eg4-ll-s-30-72kwh-premium-closed-loop-ro,27689,0,27689,86,0.9,1.75,15840,30720,16000,48,LiFePO4,Shop Solar Kits,27689,27689,65,2026-06-21
select-15.84kw-select-pro-eg4-lp4-v2-server-rack-30-72kwh-budget-f,SELECT,SELECT 15.84kW Complete Solar Kit - EG4 FlexBoss21 Inverter + GridBoss - 28-30kWh Lithium Battery [SELECT PRO] - EG4 LP4 V2 Server Rack - 30.72kWh - Budget-Friendly - Closed Loop / I’ll Handle My Own Racking,https://offgridempire.com/kits/select-15.84kw-select-pro-eg4-lp4-v2-server-rack-30-72kwh-budget-f,23689,0,23689,86,0.77,1.5,15840,30720,16000,48,LiFePO4,Shop Solar Kits,23689,23689,65,2026-06-21
select-15.84kw-select-pro-eg4-wallmount-indoor-28-6kwh-budget-frie,SELECT,SELECT 15.84kW Complete Solar Kit - EG4 FlexBoss21 Inverter + GridBoss - 28-30kWh Lithium Battery [SELECT PRO] - EG4 WallMount Indoor - 28.6kWh - Budget-Friendly - Closed Loop - Code Compliant / I’ll Handle My Own Racking,https://offgridempire.com/kits/select-15.84kw-select-pro-eg4-wallmount-indoor-28-6kwh-budget-frie,22689,0,22689,86,0.79,1.43,15840,28600,16000,48,LiFePO4,Shop Solar Kits,20989,22689,65,2026-06-21
select-7.92kw-select-plus-eg4-ll-s-20-48kwh-premium-closed-loop-gr,SELECT,SELECT 7.92kW Complete Solar Kit - EG4 FlexBoss18 Inverter - 20-28kWh Lithium Battery [SELECT PLUS] - EG4-LL-S - 20.48kWh - Premium - Closed Loop / Ground Mount - Seasonal Adjust - SkyRack HD,https://offgridempire.com/kits/select-7.92kw-select-plus-eg4-ll-s-20-48kwh-premium-closed-loop-gr,18789,0,18789,71,0.92,2.37,7920,20480,0,48,LiFePO4,Shop Solar Kits,18789,19689,65,2026-06-21
select-7.92kw-select-plus-eg4-ll-s-20-48kwh-premium-closed-loop-i,SELECT,SELECT 7.92kW Complete Solar Kit - EG4 FlexBoss18 Inverter - 20-28kWh Lithium Battery [SELECT PLUS] - EG4-LL-S - 20.48kWh - Premium - Closed Loop / I’ll Handle My Own Racking,https://offgridempire.com/kits/select-7.92kw-select-plus-eg4-ll-s-20-48kwh-premium-closed-loop-i,13489,0,13489,71,0.66,1.7,7920,20480,0,48,LiFePO4,Shop Solar Kits,13489,14489,65,2026-06-21
select-7.92kw-select-plus-eg4-ll-s-20-48kwh-premium-closed-loop-ro,SELECT,SELECT 7.92kW Complete Solar Kit - EG4 FlexBoss18 Inverter - 20-28kWh Lithium Battery [SELECT PLUS] - EG4-LL-S - 20.48kWh - Premium - Closed Loop / Roof Rack - Standard - IronRidge,https://offgridempire.com/kits/select-7.92kw-select-plus-eg4-ll-s-20-48kwh-premium-closed-loop-ro,15589,0,15589,71,0.76,1.97,7920,20480,0,48,LiFePO4,Shop Solar Kits,15589,16389,65,2026-06-21
select-7.92kw-select-plus-eg4-lp4-v2-20-48kwh-budget-friendly-clos,SELECT,SELECT 7.92kW Complete Solar Kit - EG4 FlexBoss18 Inverter - 20-28kWh Lithium Battery [SELECT PLUS] - EG4-LP4 V2 - 20.48kWh] - Budget-Friendly - Closed Loop / I’ll Handle My Own Racking,https://offgridempire.com/kits/select-7.92kw-select-plus-eg4-lp4-v2-20-48kwh-budget-friendly-clos,13199,0,13199,71,0.64,1.67,7920,20480,0,48,LiFePO4,Shop Solar Kits,13199,13989,65,2026-06-21
select-7.92kw-select-plus-eg4-wallmount-indoor-28-6kwh-budget-frie,SELECT,SELECT 7.92kW Complete Solar Kit - EG4 FlexBoss18 Inverter - 20-28kWh Lithium Battery [SELECT PLUS] - EG4 WallMount Indoor - 28.6kWh - Budget-Friendly - Closed Loop - Code Compliant / I’ll Handle My Own Racking,https://offgridempire.com/kits/select-7.92kw-select-plus-eg4-wallmount-indoor-28-6kwh-budget-frie,13939,0,13939,71,0.49,1.76,7920,28600,0,48,LiFePO4,Shop Solar Kits,13939,15489,65,2026-06-21
sgpwatt-sungoldpower-ul1741-5000w-hybrid-solar-inverter-48v,SGPWATT,"SUNGOLDPOWER UL1741 5000W Hybrid Solar Inverter,48V DC to 110V/120V AC,All in One,80A MPPT Solar Charger and 40A AC Battery Charger Pure Sine Wave for Off Grid System(NO Parallel)",https://offgridempire.com/kits/sgpwatt-sungoldpower-ul1741-5000w-hybrid-solar-inverter-48v,664,0,664,0,,,0,0,0,12,Unknown,Amazon,664.05,699,45,2026-06-21
sgpwosay-sungoldpower-ul1741-5000w-dc-48v-solar-inverter-all,SGPWOSAY,"SUNGOLDPOWER UL1741 5000W DC 48V solar inverter All In One,120V AC output Pure Sine Wave Inverter,Built-in 80A MPPT solar charger and 40A AC charger,For home,Cabin,Backup,Off-grid system (NO Parallel)",https://offgridempire.com/kits/sgpwosay-sungoldpower-ul1741-5000w-dc-48v-solar-inverter-all,699,0,699,0,,,0,0,0,12,Unknown,Amazon,699,699,45,2026-06-21
solperk-kit-20w-12v-waterproof-solar-battery-trickle-charger,SOLPERK,"SOLPERK Solar Panel Kit 20W 12V, Waterproof Solar Battery Trickle Charger Maintainer + Smart MPPT Controller + Adjustable Mount Bracket for Boat Car RV Motorcycle Marine Automotive",https://offgridempire.com/kits/solperk-kit-20w-12v-waterproof-solar-battery-trickle-charger,33,0,33,0,,,0,0,0,12,Unknown,Amazon,30.84,32.99,45,2026-06-21
summit-26.4kw-summit-plus-ground-mount-skyrack-hd,SUMMIT,SUMMIT 26.4kW Complete Solar Kit - Sol-Ark 30K Inverter - 40kWh Sol-Ark L3 Lithium Battery - High-Voltage [SUMMIT PLUS] - Ground Mount - SkyRack HD,https://offgridempire.com/kits/summit-26.4kw-summit-plus-ground-mount-skyrack-hd,62973,0,62973,86,1.57,2.39,26400,40000,30000,48,LiFePO4,Shop Solar Kits,62972.93,62972.93,65,2026-06-21
summit-26.4kw-summit-plus-i-ll-handle-my-own-racking,SUMMIT,SUMMIT 26.4kW Complete Solar Kit - Sol-Ark 30K Inverter - 40kWh Sol-Ark L3 Lithium Battery - High-Voltage [SUMMIT PLUS] - I'll Handle My Own Racking,https://offgridempire.com/kits/summit-26.4kw-summit-plus-i-ll-handle-my-own-racking,44078,0,44078,86,1.1,1.67,26400,40000,30000,48,LiFePO4,Shop Solar Kits,44078.45,44078.45,65,2026-06-21
summit-26.4kw-summit-plus-roof-rack-standard-ironridge,SUMMIT,SUMMIT 26.4kW Complete Solar Kit - Sol-Ark 30K Inverter - 40kWh Sol-Ark L3 Lithium Battery - High-Voltage [SUMMIT PLUS] - Roof Rack - Standard - IronRidge,https://offgridempire.com/kits/summit-26.4kw-summit-plus-roof-rack-standard-ironridge,49581,0,49581,86,1.24,1.88,26400,40000,30000,48,LiFePO4,Shop Solar Kits,49581.23,49581.23,65,2026-06-21
summit-35.2kw-summit-max-renon-e-cube-61kwh-ground-mount-skyrack,SUMMIT,SUMMIT 35.2kW Complete Solar Kit - Sol-Ark 30K Inverter - 60-61kWh Lithium Battery - High-Voltage [SUMMIT MAX] - Renon - E-CUBE- 61kWh / Ground Mount - SkyRack HD,https://offgridempire.com/kits/summit-35.2kw-summit-max-renon-e-cube-61kwh-ground-mount-skyrack,82974,0,82974,86,1.36,2.36,35200,61000,30000,48,LiFePO4,Shop Solar Kits,82973.67,82973.67,65,2026-06-21
summit-35.2kw-summit-max-renon-e-cube-61kwh-i-ll-handle-my-own-ra,SUMMIT,SUMMIT 35.2kW Complete Solar Kit - Sol-Ark 30K Inverter - 60-61kWh Lithium Battery - High-Voltage [SUMMIT MAX] - Renon - E-CUBE- 61kWh / I'll Handle My Own Racking,https://offgridempire.com/kits/summit-35.2kw-summit-max-renon-e-cube-61kwh-i-ll-handle-my-own-ra,54840,0,54840,86,0.9,1.56,35200,61000,30000,48,LiFePO4,Shop Solar Kits,54839.64,54839.64,65,2026-06-21
summit-35.2kw-summit-max-renon-e-cube-61kwh-roof-rack-standard-ir,SUMMIT,SUMMIT 35.2kW Complete Solar Kit - Sol-Ark 30K Inverter - 60-61kWh Lithium Battery - High-Voltage [SUMMIT MAX] - Renon - E-CUBE- 61kWh / Roof Rack - Standard - IronRidge,https://offgridempire.com/kits/summit-35.2kw-summit-max-renon-e-cube-61kwh-roof-rack-standard-ir,61969,0,61969,86,1.02,1.76,35200,61000,30000,48,LiFePO4,Shop Solar Kits,61969.43,61969.43,65,2026-06-21
summit-35.2kw-summit-max-sol-ark-l3-60kwh-ground-mount-skyrack-hd,SUMMIT,SUMMIT 35.2kW Complete Solar Kit - Sol-Ark 30K Inverter - 60-61kWh Lithium Battery - High-Voltage [SUMMIT MAX] - Sol-Ark L3 - 60kWh / Ground Mount - SkyRack HD,https://offgridempire.com/kits/summit-35.2kw-summit-max-sol-ark-l3-60kwh-ground-mount-skyrack-hd,90907,0,90907,86,1.52,2.58,35200,60000,30000,48,LiFePO4,Shop Solar Kits,77906.96,90907,65,2026-06-21
summit-35.2kw-summit-max-sol-ark-l3-60kwh-i-ll-handle-my-own-rack,SUMMIT,SUMMIT 35.2kW Complete Solar Kit - Sol-Ark 30K Inverter - 60-61kWh Lithium Battery - High-Voltage [SUMMIT MAX] - Sol-Ark L3 - 60kWh / I'll Handle My Own Racking,https://offgridempire.com/kits/summit-35.2kw-summit-max-sol-ark-l3-60kwh-i-ll-handle-my-own-rack,62195,0,62195,86,1.04,1.77,35200,60000,30000,48,LiFePO4,Shop Solar Kits,49195.43,62195,65,2026-06-21
summit-35.2kw-summit-max-sol-ark-l3-60kwh-roof-rack-standard-iron,SUMMIT,SUMMIT 35.2kW Complete Solar Kit - Sol-Ark 30K Inverter - 60-61kWh Lithium Battery - High-Voltage [SUMMIT MAX] - Sol-Ark L3 - 60kWh / Roof Rack - Standard - IronRidge,https://offgridempire.com/kits/summit-35.2kw-summit-max-sol-ark-l3-60kwh-roof-rack-standard-iron,69905,0,69905,86,1.17,1.99,35200,60000,30000,48,LiFePO4,Shop Solar Kits,56905.32,69905,65,2026-06-21
summit-35.2kw-summit-pro-renon-e-cube-61kwh-ground-mount-skyrack,SUMMIT,SUMMIT 35.2kW Complete Solar Kit - Sol-Ark 60K Inverter - 60-61kWh Lithium Battery - High-Voltage [SUMMIT PRO] - Renon E-CUBE - 61kWh / Ground Mount - [SkyRack HD],https://offgridempire.com/kits/summit-35.2kw-summit-pro-renon-e-cube-61kwh-ground-mount-skyrack,87476,0,87476,86,1.43,2.49,35200,61000,60000,48,LiFePO4,Shop Solar Kits,87475.65,87475.65,65,2026-06-21
summit-35.2kw-summit-pro-renon-e-cube-61kwh-i-ll-handle-my-own-ra,SUMMIT,SUMMIT 35.2kW Complete Solar Kit - Sol-Ark 60K Inverter - 60-61kWh Lithium Battery - High-Voltage [SUMMIT PRO] - Renon E-CUBE - 61kWh / I'll Handle My Own Racking,https://offgridempire.com/kits/summit-35.2kw-summit-pro-renon-e-cube-61kwh-i-ll-handle-my-own-ra,59194,0,59194,86,0.97,1.68,35200,61000,60000,48,LiFePO4,Shop Solar Kits,59194.39,59194.39,65,2026-06-21
summit-35.2kw-summit-pro-renon-e-cube-61kwh-roof-rack-standard-ir,SUMMIT,SUMMIT 35.2kW Complete Solar Kit - Sol-Ark 60K Inverter - 60-61kWh Lithium Battery - High-Voltage [SUMMIT PRO] - Renon E-CUBE - 61kWh / Roof Rack - Standard [IronRidge],https://offgridempire.com/kits/summit-35.2kw-summit-pro-renon-e-cube-61kwh-roof-rack-standard-ir,66484,0,66484,86,1.09,1.89,35200,61000,60000,48,LiFePO4,Shop Solar Kits,66484.35,66484.35,65,2026-06-21
summit-35.2kw-summit-pro-sol-ark-l3-60kwh-ground-mount-skyrack-hd,SUMMIT,SUMMIT 35.2kW Complete Solar Kit - Sol-Ark 60K Inverter - 60-61kWh Lithium Battery - High-Voltage [SUMMIT PRO] - Sol-Ark L3 - 60kWh / Ground Mount - [SkyRack HD],https://offgridempire.com/kits/summit-35.2kw-summit-pro-sol-ark-l3-60kwh-ground-mount-skyrack-hd,92893,0,92893,86,1.55,2.64,35200,60000,60000,48,LiFePO4,Shop Solar Kits,77893.25,92893,65,2026-06-21
summit-35.2kw-summit-pro-sol-ark-l3-60kwh-i-ll-handle-my-own-rack,SUMMIT,SUMMIT 35.2kW Complete Solar Kit - Sol-Ark 60K Inverter - 60-61kWh Lithium Battery - High-Voltage [SUMMIT PRO] - Sol-Ark L3 - 60kWh / I'll Handle My Own Racking,https://offgridempire.com/kits/summit-35.2kw-summit-pro-sol-ark-l3-60kwh-i-ll-handle-my-own-rack,65959,0,65959,86,1.1,1.87,35200,60000,60000,48,LiFePO4,Shop Solar Kits,53559.23,65959,65,2026-06-21
summit-35.2kw-summit-pro-sol-ark-l3-60kwh-roof-rack-standard-iron,SUMMIT,SUMMIT 35.2kW Complete Solar Kit - Sol-Ark 60K Inverter - 60-61kWh Lithium Battery - High-Voltage [SUMMIT PRO] - Sol-Ark L3 - 60kWh / Roof Rack - Standard [IronRidge],https://offgridempire.com/kits/summit-35.2kw-summit-pro-sol-ark-l3-60kwh-roof-rack-standard-iron,73906,0,73906,86,1.23,2.1,35200,60000,60000,48,LiFePO4,Shop Solar Kits,56905.54,73906,65,2026-06-21
suner-power-30w-12v-solar-battery-charger-maintainer-builtin,SUNER POWER,"SUNER POWER 30W 12V Solar Battery Charger Maintainer, Built-in Smart MPPT Charge Controller, Adjustable Mount Bracket, Waterproof 30 Watt Solar Panel Kits for Car Automotive Boat Marine RV Trailer",https://offgridempire.com/kits/suner-power-30w-12v-solar-battery-charger-maintainer-builtin,90,0,90,0,,,0,0,0,12,Unknown,Amazon,89.95,89.95,45,2026-06-21
sungoldpower-3kw-solar-kit,SunGoldPower,SunGoldPower 3KW Complete Solar Kit,https://offgridempire.com/kits/sungoldpower-3kw-solar-kit,2634,0,2634,0,,,0,0,0,12,Unknown,Amazon,2634,2634,44,2026-06-21
vector-10.56kw-vector-max-apsystems-ds3-budget-friendly-code-compl,VECTOR,VECTOR 10.56kW Complete Grid-Tied Solar Kit - Enphase or APsystems Microinverters - No Battery [VECTOR MAX] - APSystems - DS3 - Budget-Friendly - Code Compliant / I’ll Handle My Own Racking / I’ll Handle My Own Permitting,https://offgridempire.com/kits/vector-10.56kw-vector-max-apsystems-ds3-budget-friendly-code-compl,7479,0,7479,57,,0.71,10560,0,0,48,LiFePO4,Shop Solar Kits,7479,7479,65,2026-06-21
vector-10.56kw-vector-max-enphase-iq8a-premium-code-compliant-grou,VECTOR,VECTOR 10.56kW Complete Grid-Tied Solar Kit - Enphase or APsystems Microinverters - No Battery [VECTOR MAX] - Enphase - IQ8A - Premium - Code Compliant / Ground Mount - Seasonal Adjust [SkyRack HD] / I’ll Handle My Own Permitting,https://offgridempire.com/kits/vector-10.56kw-vector-max-enphase-iq8a-premium-code-compliant-grou,17879,0,17879,57,,1.69,10560,0,0,48,LiFePO4,Shop Solar Kits,17879,17879,65,2026-06-21
vector-10.56kw-vector-max-enphase-iq8a-premium-code-compliant-i-ll,VECTOR,VECTOR 10.56kW Complete Grid-Tied Solar Kit - Enphase or APsystems Microinverters - No Battery [VECTOR MAX] - Enphase - IQ8A - Premium - Code Compliant / I’ll Handle My Own Racking / I’ll Handle My Own Permitting,https://offgridempire.com/kits/vector-10.56kw-vector-max-enphase-iq8a-premium-code-compliant-i-ll,11479,0,11479,57,,1.09,10560,0,0,48,LiFePO4,Shop Solar Kits,11479,11479,65,2026-06-21
vector-10.56kw-vector-max-enphase-iq8a-premium-code-compliant-roof,VECTOR,VECTOR 10.56kW Complete Grid-Tied Solar Kit - Enphase or APsystems Microinverters - No Battery [VECTOR MAX] - Enphase - IQ8A - Premium - Code Compliant / Roof Rack - Standard [IronRidge] / I’ll Handle My Own Permitting,https://offgridempire.com/kits/vector-10.56kw-vector-max-enphase-iq8a-premium-code-compliant-roof,13129,0,13129,57,,1.24,10560,0,0,48,LiFePO4,Shop Solar Kits,13129,13129,65,2026-06-21
vector-15.84kw-vector-pro-apsystems-ds3-budget-friendly-code-compl,VECTOR,VECTOR 15.84kW Complete Grid-Tied Solar Kit - Enphase or APsystems Microinverters - No Battery [VECTOR PRO] - APSystems -DS3 - Budget-Friendly - Code Compliant / I’ll Handle My Own Racking / I’ll Handle My Own Permitting,https://offgridempire.com/kits/vector-15.84kw-vector-pro-apsystems-ds3-budget-friendly-code-compl,10979,0,10979,57,,0.69,15840,0,0,48,LiFePO4,Shop Solar Kits,10979,10979,65,2026-06-21
vector-15.84kw-vector-pro-enphase-i-q8a-premium-code-compliant-gro,VECTOR,VECTOR 15.84kW Complete Grid-Tied Solar Kit - Enphase or APsystems Microinverters - No Battery [VECTOR PRO] - Enphase -I Q8A - Premium - Code Compliant / Ground Mount - Seasonal Adjust [SkyRack HD] / I’ll Handle My Own Permitting,https://offgridempire.com/kits/vector-15.84kw-vector-pro-enphase-i-q8a-premium-code-compliant-gro,24679,0,24679,57,,1.56,15840,0,0,48,LiFePO4,Shop Solar Kits,24679,24679,65,2026-06-21
vector-15.84kw-vector-pro-enphase-i-q8a-premium-code-compliant-i-l,VECTOR,VECTOR 15.84kW Complete Grid-Tied Solar Kit - Enphase or APsystems Microinverters - No Battery [VECTOR PRO] - Enphase -I Q8A - Premium - Code Compliant / I’ll Handle My Own Racking / I’ll Handle My Own Permitting,https://offgridempire.com/kits/vector-15.84kw-vector-pro-enphase-i-q8a-premium-code-compliant-i-l,16579,0,16579,57,,1.05,15840,0,0,48,LiFePO4,Shop Solar Kits,16579,16579,65,2026-06-21
vector-15.84kw-vector-pro-enphase-i-q8a-premium-code-compliant-roo,VECTOR,VECTOR 15.84kW Complete Grid-Tied Solar Kit - Enphase or APsystems Microinverters - No Battery [VECTOR PRO] - Enphase -I Q8A - Premium - Code Compliant / Roof Rack - Standard [IronRidge] / I’ll Handle My Own Permitting,https://offgridempire.com/kits/vector-15.84kw-vector-pro-enphase-i-q8a-premium-code-compliant-roo,18679,0,18679,57,,1.18,15840,0,0,48,LiFePO4,Shop Solar Kits,18679,18679,65,2026-06-21
vector-7.92kw-vector-plus-apsystems-ds3-budget-friendly-code-compl,VECTOR,VECTOR 7.92kW Complete Grid-Tied Solar Kit - Enphase or APsystems Microinverters - No Battery [VECTOR PLUS] - APSystems - DS3 - Budget-Friendly - Code Compliant / I’ll Handle My Own Racking / I’ll Handle My Own Permitting,https://offgridempire.com/kits/vector-7.92kw-vector-plus-apsystems-ds3-budget-friendly-code-compl,5979,0,5979,57,,0.75,7920,0,0,48,LiFePO4,Shop Solar Kits,5979,5979,65,2026-06-21
vector-7.92kw-vector-plus-enphase-iq8a-premium-code-compliant-grou,VECTOR,VECTOR 7.92kW Complete Grid-Tied Solar Kit - Enphase or APsystems Microinverters - No Battery [VECTOR PLUS] - Enphase - IQ8A -  Premium - Code Compliant / Ground Mount - Seasonal Adjust - SkyRack HD / I’ll Handle My Own Permitting,https://offgridempire.com/kits/vector-7.92kw-vector-plus-enphase-iq8a-premium-code-compliant-grou,14229,0,14229,57,,1.8,7920,0,0,48,LiFePO4,Shop Solar Kits,14229,14579,65,2026-06-21
vector-7.92kw-vector-plus-enphase-iq8a-premium-code-compliant-i-ll,VECTOR,VECTOR 7.92kW Complete Grid-Tied Solar Kit - Enphase or APsystems Microinverters - No Battery [VECTOR PLUS] - Enphase - IQ8A -  Premium - Code Compliant / I’ll Handle My Own Racking / I’ll Handle My Own Permitting,https://offgridempire.com/kits/vector-7.92kw-vector-plus-enphase-iq8a-premium-code-compliant-i-ll,8879,0,8879,57,,1.12,7920,0,0,48,LiFePO4,Shop Solar Kits,8879,8879,65,2026-06-21
vector-7.92kw-vector-plus-enphase-iq8a-premium-code-compliant-roof,VECTOR,VECTOR 7.92kW Complete Grid-Tied Solar Kit - Enphase or APsystems Microinverters - No Battery [VECTOR PLUS] - Enphase - IQ8A -  Premium - Code Compliant / Roof Rack - Standard - IronRidge / I’ll Handle My Own Permitting,https://offgridempire.com/kits/vector-7.92kw-vector-plus-enphase-iq8a-premium-code-compliant-roof,10129,0,10129,57,,1.28,7920,0,0,48,LiFePO4,Shop Solar Kits,10129,10129,65,2026-06-21
victron-energy-victron-energy-orion-tr-dc-to-dc-converter-24,Victron Energy,Victron Energy Orion-Tr DC to DC Converter - 24/12-Volt 30 amp 360-Watt - IP43 Protected - for Dual Battery Systems - Isolated,https://offgridempire.com/kits/victron-energy-victron-energy-orion-tr-dc-to-dc-converter-24,201,0,201,0,,,0,0,0,12,Unknown,Amazon,201.45,201.65,13,2026-05-21
windynation-400w-complete,WindyNation,WindyNation 400W Complete Off-Grid Kit,https://offgridempire.com/kits/windynation-400w-complete,1149,180,1329,71,1.11,3.32,400,1200,1500,12,AGM,Amazon,1149,1149,1,2026-03-23
windynation-400w-complete-inverter,WindyNation,WindyNation 400W Complete Kit with 1500W VertaMax Inverter,https://offgridempire.com/kits/windynation-400w-complete-inverter,600,280,880,71,,2.2,400,0,1500,12,None,Amazon,339,899.99,143,2026-03-23
windynation-400w-kit-inverter-300ah,WindyNation,WindyNation 400W Mono Kit with 1500W VertaMax Inverter + 300Ah AGM,https://offgridempire.com/kits/windynation-400w-kit-inverter-300ah,1637,0,1637,86,0.91,4.09,400,1800,1500,12,AGM,Amazon,1617.8,1720.99,93,2026-06-21
windynation-400w-mono-kit,WindyNation,WindyNation 400W Monocrystalline Off-Grid Kit with PWM Controller,https://offgridempire.com/kits/windynation-400w-mono-kit,527,439,966,57,,2.42,400,0,0,12,None,Amazon,399.99,526.77,91,2026-06-21
